,date,random_instance_110_15_3,random_instance_111_15_2,random_instance_130_15_5,random_instance_132_80_20,random_instance_136_320_2,random_instance_137_40_10,random_instance_160_320_20,random_instance_168_15_2,random_instance_168_80_5,random_instance_16_15_2,random_instance_188_40_10,random_instance_192_15_2,random_instance_197_320_10,random_instance_204_80_20,random_instance_213_80_20,random_instance_224_15_20,random_instance_225_160_3,random_instance_271_15_20,random_instance_286_15_5,random_instance_292_15_20,random_instance_299_40_10,random_instance_307_15_20,random_instance_312_80_2,random_instance_337_40_2,random_instance_34_320_2,random_instance_351_320_5,random_instance_353_80_10,random_instance_359_320_2,random_instance_36_80_3,random_instance_397_40_3,random_instance_402_40_20,random_instance_402_80_20,random_instance_410_160_5,random_instance_420_40_2,random_instance_422_320_10,random_instance_42_15_2,random_instance_440_160_20,random_instance_444_15_10,random_instance_453_320_5,random_instance_459_320_3,random_instance_476_80_3,random_instance_479_320_20,random_instance_482_80_2,random_instance_487_320_3,random_instance_493_160_5,random_instance_49_15_2,random_instance_4_40_2,random_instance_51_80_3,random_instance_543_40_5,random_instance_547_40_2,random_instance_552_320_20,random_instance_579_80_3,random_instance_600_320_3,random_instance_603_320_2,random_instance_603_40_20,random_instance_605_80_20,random_instance_650_80_10,random_instance_666_15_10,random_instance_668_160_5,random_instance_677_40_2,random_instance_683_40_10,random_instance_689_160_2,random_instance_694_15_3,random_instance_699_320_20,random_instance_73_160_10,random_instance_757_15_5,random_instance_771_15_20,random_instance_783_80_2,random_instance_784_15_2,random_instance_786_320_5,random_instance_78_40_10,random_instance_792_80_5,random_instance_798_80_3,random_instance_823_320_3,random_instance_826_320_20,random_instance_835_160_3,random_instance_837_40_10,random_instance_838_80_10,random_instance_83_160_10,random_instance_840_15_3,random_instance_840_160_20,random_instance_862_160_2,random_instance_881_320_10,random_instance_887_80_2,random_instance_891_15_20,random_instance_900_40_20,random_instance_905_15_2,random_instance_90_320_5,random_instance_915_320_20,random_instance_925_80_2,random_instance_93_40_10,random_instance_946_40_20,random_instance_960_160_2,random_instance_966_40_2,random_instance_973_80_3,random_instance_976_15_20,random_instance_982_320_10,random_instance_995_160_5,random_instance_995_320_10,random_instance_996_40_20,woc-100-random-2388911d,woc-100-tsplib-19003732,woc-100-tsplib-ee8c7335,woc-110-random-e61dabe8,woc-110-tsplib-39ba065c,woc-110-tsplib-cf61d346,woc-120-random-62f49613,woc-120-tsplib-1ac0c01d,woc-120-tsplib-f36876ed,woc-130-random-7a59d7ba,woc-130-tsplib-1db5c60e,woc-130-tsplib-f38721ef,woc-140-random-61cc975f,woc-140-tsplib-07d5a295,woc-140-tsplib-44cfce74,woc-150-random-d16123e7,woc-150-tsplib-7de836c1,woc-150-tsplib-d8064434,woc-155-random-bcc5dff8,woc-155-tsplib-16bd1a72,woc-155-tsplib-aac644b7,woc-160-random-80862a66,woc-160-tsplib-52412885,woc-160-tsplib-b2dc6d6b,woc-165-random-34b2e4be,woc-165-tsplib-29bc5916,woc-165-tsplib-ddfc0df0,woc-170-random-261629f3,woc-170-tsplib-2959d81d,woc-170-tsplib-357a3de6,woc-175-random-1f37ea2a,woc-175-tsplib-c6fb5178,woc-175-tsplib-fec4c7fe,woc-180-random-1c3d45cd,woc-180-tsplib-26e893d1,woc-180-tsplib-e56aa880,woc-185-random-a0e60a07,woc-185-tsplib-b8dd6b77,woc-185-tsplib-fb277a6a,woc-190-random-f504e4b7,woc-190-tsplib-5a761621,woc-190-tsplib-c6022ffe,woc-195-random-a5467698,woc-195-tsplib-4c2fd194,woc-195-tsplib-8aa5fdc6,woc-200-random-47e4a4fb,woc-200-tsplib-6d0c0d51,woc-200-tsplib-734409f1,woc-205-random-769696fb,woc-205-tsplib-8058c7cb,woc-205-tsplib-8670753b,woc-210-random-921f33b6,woc-210-tsplib-70f2a9bf,woc-210-tsplib-98198d20,woc-215-random-057a9f3f,woc-215-tsplib-3826ebd3,woc-215-tsplib-e353fb9d,woc-220-random-95a3b25a,woc-220-tsplib-29e6860e,woc-220-tsplib-864789d7,woc-225-random-ac59d396,woc-225-tsplib-67fd0075,woc-225-tsplib-71b5a5ca,woc-230-tsplib-32634ca5,woc-230-tsplib-5d6e5c1d,woc-230-tsplib-e1ba1619,woc-230-tsplib-e7303a41,woc-230-tsplib-eb3e6717,woc-235-tsplib-2d7d476c,woc-235-tsplib-681bdc27,woc-235-tsplib-8c89c7cb,woc-240-tsplib-9d3c5249,woc-240-tsplib-cb5aff34,woc-240-tsplib-d96d289b,woc-245-tsplib-1170b41d,woc-245-tsplib-34ed11a6,woc-245-tsplib-98234be6,woc-250-tsplib-aa939734,woc-250-tsplib-d0200f03,woc-250-tsplib-ef67652d,woc-45-random-8d641b9c,woc-45-tsplib-2ed43f71,woc-45-tsplib-51f1d852,woc-50-random-e56ec684,woc-50-tsplib-037ddc15,woc-50-tsplib-887df108,woc-60-random-36d4dade,woc-60-tsplib-63f3f788,woc-60-tsplib-be375294,woc-70-random-9a7d18d3,woc-70-tsplib-662c5dfb,woc-70-tsplib-8ae47929,woc-75-random-6e4b56b1,woc-75-tsplib-1da38e08,woc-75-tsplib-43f8ca86,woc-80-random-669f73a7,woc-80-tsplib-3ee3a8a5,woc-80-tsplib-a0813030,woc-90-random-5ab97996,woc-90-tsplib-8e18a238,woc-90-tsplib-96a321d8,rirs-1000-20-ee506ff1,rirs-500-20-5e21448d,rirs-1500-20-abcb179b,rirs-2000-20-fc840c19,rirs-1000-50-efb3c1bd,rirs-1000-75-50e9d715,rirs-1500-50-49040875,rirs-1500-75-10c039f8,rirs-2000-50-5fa13e78,rirs-2000-75-42f0456a,rirs-2500-50-16465e74,rirs-3000-20-ca4a729f,rirs-2500-20-70c6d643,rirs-3000-50-69fe82ea,rirs-2500-75-fe6940e6,rirs-3500-50-cd1647e4,rirs-3500-20-36165067,rirs-500-50-23d00ec5,rirs-500-75-9322678f,rirs-10000-20-85b95253,rirs-5000-20-2caf288b,rirs-4000-75-1629c45a,rirs-4500-20-fe859874,rirs-12500-20-dd322248,rirs-10000-50-918ee15c,rirs-3000-75-d0dd4d29,rirs-3500-75-0ba3f101,rirs-4500-75-ea9f0323,rirs-10000-75-08dd7dc1,rirs-6000-75-3640423c,rirs-7000-75-98ec3d45,rirs-8000-75-b95969e5,rirs-9000-75-940659a6,rirs-12500-200-e8ac0d06,rirs-12500-50-7f3b2926,rirs-12500-75-2ef068ba,rirs-8000-50-b9e2ae77,rirs-9000-50-0a55dbb8,rirs-12500-100-0c057cab,rirs-4000-20-65a95787,rirs-4000-50-b142e8e4,rirs-4500-50-745c57a2,rirs-5000-50-2ec37111,rirs-5000-75-9bd3bd51,rirs-6000-20-cc3d0e5d,rirs-6000-50-3c632805,rirs-7000-20-37c47d14,rirs-8000-20-8357ef0f,rirs-9000-20-41491eba,random_instance_110_15_3-coreset,random_instance_130_15_5-coreset,random_instance_132_80_20-coreset,random_instance_137_40_10-coreset,random_instance_160_320_20-coreset,data\benchmark_instances\random_instance_110_15_3,data\benchmark_instances\random_instance_111_15_2,data\benchmark_instances\random_instance_130_15_5,data\benchmark_instances\random_instance_132_80_20,data\benchmark_instances\random_instance_136_320_2,data\benchmark_instances\random_instance_137_40_10,data\benchmark_instances\random_instance_160_320_20,data\benchmark_instances\random_instance_168_15_2,data\benchmark_instances\random_instance_168_80_5,data\benchmark_instances\random_instance_16_15_2,data\benchmark_instances\random_instance_188_40_10,data\benchmark_instances\random_instance_192_15_2,data\benchmark_instances\random_instance_197_320_10,data\benchmark_instances\random_instance_204_80_20,data\benchmark_instances\random_instance_213_80_20,data\benchmark_instances\random_instance_224_15_20,data\benchmark_instances\random_instance_225_160_3,data\benchmark_instances\random_instance_271_15_20,data\benchmark_instances\random_instance_286_15_5,data\benchmark_instances\random_instance_292_15_20,data\benchmark_instances\random_instance_299_40_10,data\benchmark_instances\random_instance_307_15_20,data\benchmark_instances\random_instance_312_80_2,data\benchmark_instances\random_instance_337_40_2,data\benchmark_instances\random_instance_34_320_2,data\benchmark_instances\random_instance_351_320_5,data\benchmark_instances\random_instance_353_80_10,data\benchmark_instances\random_instance_359_320_2,data\benchmark_instances\random_instance_36_80_3,data\benchmark_instances\random_instance_397_40_3,data\benchmark_instances\random_instance_402_40_20,data\benchmark_instances\random_instance_402_80_20,data\benchmark_instances\random_instance_410_160_5,data\benchmark_instances\random_instance_420_40_2,data\benchmark_instances\random_instance_422_320_10,data\benchmark_instances\random_instance_42_15_2,data\benchmark_instances\random_instance_440_160_20,data\benchmark_instances\random_instance_444_15_10,data\benchmark_instances\random_instance_453_320_5,data\benchmark_instances\random_instance_459_320_3,data\benchmark_instances\random_instance_476_80_3,data\benchmark_instances\random_instance_479_320_20,data\benchmark_instances\random_instance_482_80_2,data\benchmark_instances\random_instance_487_320_3,data\benchmark_instances\random_instance_493_160_5,data\benchmark_instances\random_instance_49_15_2,data\benchmark_instances\random_instance_4_40_2,data\benchmark_instances\random_instance_51_80_3,data\benchmark_instances\random_instance_543_40_5,data\benchmark_instances\random_instance_547_40_2,data\benchmark_instances\random_instance_552_320_20,data\benchmark_instances\random_instance_579_80_3,data\benchmark_instances\random_instance_600_320_3,data\benchmark_instances\random_instance_603_320_2,data\benchmark_instances\random_instance_603_40_20,data\benchmark_instances\random_instance_605_80_20,data\benchmark_instances\random_instance_650_80_10,data\benchmark_instances\random_instance_666_15_10,data\benchmark_instances\random_instance_668_160_5,data\benchmark_instances\random_instance_677_40_2,data\benchmark_instances\random_instance_683_40_10,data\benchmark_instances\random_instance_689_160_2,data\benchmark_instances\random_instance_694_15_3,data\benchmark_instances\random_instance_699_320_20,data\benchmark_instances\random_instance_73_160_10,data\benchmark_instances\random_instance_757_15_5,data\benchmark_instances\random_instance_771_15_20,data\benchmark_instances\random_instance_783_80_2,data\benchmark_instances\random_instance_784_15_2,data\benchmark_instances\random_instance_786_320_5,data\benchmark_instances\random_instance_78_40_10,data\benchmark_instances\random_instance_792_80_5,data\benchmark_instances\random_instance_798_80_3,data\benchmark_instances\random_instance_823_320_3,data\benchmark_instances\random_instance_826_320_20,data\benchmark_instances\random_instance_835_160_3,data\benchmark_instances\random_instance_837_40_10,data\benchmark_instances\random_instance_838_80_10,data\benchmark_instances\random_instance_83_160_10,data\benchmark_instances\random_instance_840_15_3,data\benchmark_instances\random_instance_840_160_20,data\benchmark_instances\random_instance_862_160_2,data\benchmark_instances\random_instance_881_320_10,data\benchmark_instances\random_instance_887_80_2,data\benchmark_instances\random_instance_891_15_20,data\benchmark_instances\random_instance_900_40_20,data\benchmark_instances\random_instance_905_15_2,data\benchmark_instances\random_instance_90_320_5,data\benchmark_instances\random_instance_915_320_20,data\benchmark_instances\random_instance_925_80_2,data\benchmark_instances\random_instance_93_40_10,data\benchmark_instances\random_instance_946_40_20,data\benchmark_instances\random_instance_960_160_2,data\benchmark_instances\random_instance_966_40_2,data\benchmark_instances\random_instance_973_80_3,data\benchmark_instances\random_instance_976_15_20,data\benchmark_instances\random_instance_982_320_10,data\benchmark_instances\random_instance_995_160_5,data\benchmark_instances\random_instance_995_320_10,data\benchmark_instances\random_instance_996_40_20,data\benchmark_instances\rirs-1000-20-ee506ff1,data\benchmark_instances\rirs-1000-50-efb3c1bd,data\benchmark_instances\rirs-1000-75-50e9d715,data\benchmark_instances\rirs-10000-20-85b95253,data\benchmark_instances\rirs-10000-50-918ee15c,data\benchmark_instances\rirs-10000-75-08dd7dc1,data\benchmark_instances\rirs-12500-100-0c057cab,data\benchmark_instances\rirs-12500-20-dd322248,data\benchmark_instances\rirs-12500-200-e8ac0d06,data\benchmark_instances\rirs-12500-50-7f3b2926,data\benchmark_instances\rirs-12500-75-2ef068ba,data\benchmark_instances\rirs-1500-20-abcb179b,data\benchmark_instances\rirs-1500-50-49040875,data\benchmark_instances\rirs-1500-75-10c039f8,data\benchmark_instances\rirs-2000-20-fc840c19,data\benchmark_instances\rirs-2000-50-5fa13e78,data\benchmark_instances\rirs-2000-75-42f0456a,data\benchmark_instances\rirs-2500-20-70c6d643,data\benchmark_instances\rirs-2500-50-16465e74,data\benchmark_instances\rirs-2500-75-fe6940e6,data\benchmark_instances\rirs-3000-20-ca4a729f,data\benchmark_instances\rirs-3000-50-69fe82ea,data\benchmark_instances\rirs-3000-75-d0dd4d29,data\benchmark_instances\rirs-3500-20-36165067,data\benchmark_instances\rirs-3500-50-cd1647e4,data\benchmark_instances\rirs-3500-75-0ba3f101,data\benchmark_instances\rirs-4000-20-65a95787,data\benchmark_instances\rirs-4000-50-b142e8e4,data\benchmark_instances\rirs-4000-75-1629c45a,data\benchmark_instances\rirs-4500-20-fe859874,data\benchmark_instances\rirs-4500-50-745c57a2,data\benchmark_instances\rirs-4500-75-ea9f0323,data\benchmark_instances\rirs-500-20-5e21448d,data\benchmark_instances\rirs-500-50-23d00ec5,data\benchmark_instances\rirs-500-75-9322678f,data\benchmark_instances\rirs-5000-20-2caf288b,data\benchmark_instances\rirs-5000-50-2ec37111,data\benchmark_instances\rirs-5000-75-9bd3bd51,data\benchmark_instances\rirs-6000-20-cc3d0e5d,data\benchmark_instances\rirs-6000-50-3c632805,data\benchmark_instances\rirs-6000-75-3640423c,data\benchmark_instances\rirs-7000-20-37c47d14,data\benchmark_instances\rirs-7000-75-98ec3d45,data\benchmark_instances\rirs-8000-20-8357ef0f,data\benchmark_instances\rirs-8000-50-b9e2ae77,data\benchmark_instances\rirs-8000-75-b95969e5,data\benchmark_instances\rirs-9000-20-41491eba,data\benchmark_instances\rirs-9000-50-0a55dbb8,data\benchmark_instances\rirs-9000-75-940659a6,data\benchmark_instances\woc-100-random-2388911d,data\benchmark_instances\woc-100-tsplib-19003732,data\benchmark_instances\woc-100-tsplib-ee8c7335,data\benchmark_instances\woc-110-random-e61dabe8,data\benchmark_instances\woc-110-tsplib-39ba065c,data\benchmark_instances\woc-110-tsplib-cf61d346,data\benchmark_instances\woc-120-random-62f49613,data\benchmark_instances\woc-120-tsplib-1ac0c01d,data\benchmark_instances\woc-120-tsplib-f36876ed,data\benchmark_instances\woc-130-random-7a59d7ba,data\benchmark_instances\woc-130-tsplib-1db5c60e,data\benchmark_instances\woc-130-tsplib-f38721ef,data\benchmark_instances\woc-140-random-61cc975f,data\benchmark_instances\woc-140-tsplib-07d5a295,data\benchmark_instances\woc-140-tsplib-44cfce74,data\benchmark_instances\woc-150-random-d16123e7,data\benchmark_instances\woc-150-tsplib-7de836c1,data\benchmark_instances\woc-150-tsplib-d8064434,data\benchmark_instances\woc-155-random-bcc5dff8,data\benchmark_instances\woc-155-tsplib-16bd1a72,data\benchmark_instances\woc-155-tsplib-aac644b7,data\benchmark_instances\woc-160-random-80862a66,data\benchmark_instances\woc-160-tsplib-52412885,data\benchmark_instances\woc-160-tsplib-b2dc6d6b,data\benchmark_instances\woc-165-random-34b2e4be,data\benchmark_instances\woc-165-tsplib-29bc5916,data\benchmark_instances\woc-165-tsplib-ddfc0df0,data\benchmark_instances\woc-170-random-261629f3,data\benchmark_instances\woc-170-tsplib-2959d81d,data\benchmark_instances\woc-170-tsplib-357a3de6,data\benchmark_instances\woc-175-random-1f37ea2a,data\benchmark_instances\woc-175-tsplib-c6fb5178,data\benchmark_instances\woc-175-tsplib-fec4c7fe,data\benchmark_instances\woc-180-random-1c3d45cd,data\benchmark_instances\woc-180-tsplib-26e893d1,data\benchmark_instances\woc-180-tsplib-e56aa880,data\benchmark_instances\woc-185-random-a0e60a07,data\benchmark_instances\woc-185-tsplib-b8dd6b77,data\benchmark_instances\woc-185-tsplib-fb277a6a,data\benchmark_instances\woc-190-random-f504e4b7,data\benchmark_instances\woc-190-tsplib-5a761621,data\benchmark_instances\woc-190-tsplib-c6022ffe,data\benchmark_instances\woc-195-random-a5467698,data\benchmark_instances\woc-195-tsplib-4c2fd194,data\benchmark_instances\woc-195-tsplib-8aa5fdc6,data\benchmark_instances\woc-200-random-47e4a4fb,data\benchmark_instances\woc-200-tsplib-6d0c0d51,data\benchmark_instances\woc-200-tsplib-734409f1,data\benchmark_instances\woc-205-random-769696fb,data\benchmark_instances\woc-205-tsplib-8058c7cb,data\benchmark_instances\woc-205-tsplib-8670753b,data\benchmark_instances\woc-210-random-921f33b6,data\benchmark_instances\woc-210-tsplib-70f2a9bf,data\benchmark_instances\woc-210-tsplib-98198d20,data\benchmark_instances\woc-215-random-057a9f3f,data\benchmark_instances\woc-215-tsplib-3826ebd3,data\benchmark_instances\woc-215-tsplib-e353fb9d,data\benchmark_instances\woc-220-random-95a3b25a,data\benchmark_instances\woc-220-tsplib-29e6860e,data\benchmark_instances\woc-220-tsplib-864789d7,data\benchmark_instances\woc-225-random-ac59d396,data\benchmark_instances\woc-225-tsplib-67fd0075,data\benchmark_instances\woc-225-tsplib-71b5a5ca,data\benchmark_instances\woc-230-tsplib-32634ca5,data\benchmark_instances\woc-230-tsplib-5d6e5c1d,data\benchmark_instances\woc-230-tsplib-e1ba1619,data\benchmark_instances\woc-230-tsplib-e7303a41,data\benchmark_instances\woc-230-tsplib-eb3e6717,data\benchmark_instances\woc-235-tsplib-2d7d476c,data\benchmark_instances\woc-235-tsplib-681bdc27,data\benchmark_instances\woc-235-tsplib-8c89c7cb,data\benchmark_instances\woc-240-tsplib-9d3c5249,data\benchmark_instances\woc-240-tsplib-cb5aff34,data\benchmark_instances\woc-240-tsplib-d96d289b,data\benchmark_instances\woc-245-tsplib-1170b41d,data\benchmark_instances\woc-245-tsplib-34ed11a6,data\benchmark_instances\woc-245-tsplib-98234be6,data\benchmark_instances\woc-250-tsplib-aa939734,data\benchmark_instances\woc-250-tsplib-d0200f03,data\benchmark_instances\woc-250-tsplib-ef67652d,data\benchmark_instances\woc-45-random-8d641b9c,data\benchmark_instances\woc-45-tsplib-2ed43f71,data\benchmark_instances\woc-45-tsplib-51f1d852,data\benchmark_instances\woc-50-random-e56ec684,data\benchmark_instances\woc-50-tsplib-037ddc15,data\benchmark_instances\woc-50-tsplib-887df108,data\benchmark_instances\woc-60-random-36d4dade,data\benchmark_instances\woc-60-tsplib-63f3f788,data\benchmark_instances\woc-60-tsplib-be375294,data\benchmark_instances\woc-70-random-9a7d18d3,data\benchmark_instances\woc-70-tsplib-662c5dfb,data\benchmark_instances\woc-70-tsplib-8ae47929,data\benchmark_instances\woc-75-random-6e4b56b1,data\benchmark_instances\woc-75-tsplib-1da38e08,data\benchmark_instances\woc-75-tsplib-43f8ca86,data\benchmark_instances\woc-80-random-669f73a7,data\benchmark_instances\woc-80-tsplib-3ee3a8a5,data\benchmark_instances\woc-80-tsplib-a0813030,data\benchmark_instances\woc-90-random-5ab97996,data\benchmark_instances\woc-90-tsplib-8e18a238,data\benchmark_instances\woc-90-tsplib-96a321d8
0,2025-10-17,9,5.0,10.0,98.0,8.0,41.0,84.0,1.0,22.0,3.0,51.0,3.0,76.0,79.0,126.0,55.0,13.0,53.0,15.0,55.0,35.0,62.0,6.0,4.0,11.0,38.0,50.0,15.0,16.0,10.0,104.0,134.0,26.0,8.0,59.0,3.0,138.0,24.0,34.0,22.0,17.0,203.0,10.0,19.0,31.0,4.0,6.0,20.0,18.0,5.0,182.0,8.0,12.0,8.0,103.0,130.0,55.0,27.0,38.0,7.0,39.0,11.0,7.0,63.0,60.0,16.0,52.0,6.0,3.0,40.0,33.0,28.0,12.0,20.0,188.0,20.0,44.0,40.0,68.0,9.0,150.0,8.0,83.0,5.0,70.0,80.0,5.0,24.0,inf,inf,inf,inf,inf,inf,inf,inf,inf,inf,inf,inf,inf,inf,inf,inf,inf,inf,inf,inf,inf,inf,inf,inf,inf,inf,inf,inf,inf,inf,inf,inf,inf,inf,inf,inf,inf,inf,inf,inf,inf,inf,inf,inf,inf,inf,inf,inf,inf,inf,inf,inf,inf,inf,inf,inf,inf,inf,inf,inf,inf,inf,inf,inf,inf,inf,inf,inf,inf,inf,inf,inf,inf,inf,inf,inf,inf,inf,inf,inf,inf,inf,inf,inf,inf,inf,inf,inf,inf,inf,inf,inf,inf,inf,inf,inf,inf,inf,inf,inf,inf,inf,inf,inf,inf,inf,inf,inf,inf,inf,inf,inf,inf,inf,inf,inf,inf,inf,inf,inf,inf,inf,inf,inf,inf,inf,inf,inf,inf,inf,inf,inf,inf,inf,inf,inf,inf,inf,inf,inf,inf,inf,inf,inf,inf,inf,inf,inf,inf,inf,inf,inf,inf,inf,inf,inf,inf,inf,inf,inf,inf,inf,inf,inf,inf,inf,inf,inf,inf,inf,inf,inf,inf,inf,inf,inf,inf,inf,inf,inf,inf,inf,inf,inf,inf,inf,inf,inf,inf,inf,inf,inf,inf,inf,inf,inf,inf,inf,inf,inf,inf,inf,inf,inf,inf,inf,inf,inf,inf,inf,inf,inf,inf,inf,inf,inf,inf,inf,inf,inf,inf,inf,inf,inf,inf,inf,inf,inf,inf,inf,inf,inf,inf,inf,inf,inf,inf,inf,inf,inf,inf,inf,inf,inf,inf,inf,inf,inf,inf,inf,inf,inf,inf,inf,inf,inf,inf,inf,inf,inf,inf,inf,inf,inf,inf,inf,inf,inf,inf,inf,inf,inf,inf,inf,inf,inf,inf,inf,inf,inf,inf,inf,inf,inf,inf,inf,inf,inf,inf,inf,inf,inf,inf,inf,inf,inf,inf,inf,inf,inf,inf,inf,inf,inf,inf,inf,inf,inf,inf,inf,inf,inf,inf,inf,inf,inf,inf,inf,inf,inf,inf,inf,inf,inf,inf,inf,inf,inf,inf,inf,inf,inf,inf,inf,inf,inf,inf,inf,inf,inf,inf,inf,inf,inf,inf,inf,inf,inf,inf,inf,inf,inf,inf,inf,inf,inf,inf,inf,inf,inf,inf,inf,inf,inf,inf,inf,inf,inf,inf,inf,inf,inf,inf,inf,inf,inf,inf,inf,inf,inf,inf,inf,inf,inf,inf,inf,inf,inf,inf,inf,inf,inf,inf,inf,inf,inf,inf,inf,inf,inf,inf,inf,inf,inf,inf,inf,inf,inf,inf,inf,inf,inf,inf,inf,inf,inf,inf
1,2025-10-18,7,5.0,9.0,82.0,7.0,41.0,80.0,1.0,19.0,3.0,41.0,3.0,69.0,79.0,94.0,55.0,12.0,53.0,14.0,49.0,30.0,62.0,6.0,4.0,8.0,38.0,40.0,15.0,14.0,10.0,81.0,134.0,24.0,8.0,54.0,3.0,112.0,24.0,32.0,22.0,13.0,199.0,9.0,18.0,26.0,4.0,6.0,16.0,16.0,5.0,159.0,8.0,11.0,8.0,81.0,130.0,48.0,27.0,31.0,7.0,30.0,10.0,5.0,59.0,50.0,16.0,52.0,6.0,3.0,35.0,26.0,28.0,10.0,20.0,176.0,20.0,35.0,40.0,59.0,9.0,115.0,8.0,74.0,5.0,56.0,80.0,4.0,24.0,176.0,9.0,40.0,72.0,9.0,6.0,11.0,62.0,84.0,31.0,66.0,89.0,35.0,44.0,35.0,23.0,35.0,56.0,34.0,82.0,51.0,47.0,46.0,43.0,29.0,29.0,51.0,50.0,53.0,49.0,26.0,48.0,62.0,49.0,35.0,57.0,33.0,58.0,87.0,50.0,51.0,24.0,50.0,73.0,35.0,45.0,36.0,50.0,36.0,118.0,43.0,60.0,76.0,46.0,49.0,64.0,58.0,50.0,73.0,73.0,29.0,56.0,40.0,30.0,33.0,30.0,46.0,48.0,79.0,46.0,84.0,56.0,39.0,73.0,84.0,70.0,81.0,55.0,26.0,59.0,33.0,43.0,50.0,38.0,39.0,33.0,38.0,37.0,56.0,42.0,42.0,43.0,32.0,27.0,25.0,17.0,28.0,40.0,37.0,44.0,43.0,22.0,43.0,41.0,31.0,31.0,38.0,33.0,31.0,46.0,33.0,26.0,25.0,inf,inf,inf,inf,inf,inf,inf,inf,inf,inf,inf,inf,inf,inf,inf,inf,inf,inf,inf,inf,inf,inf,inf,inf,inf,inf,inf,inf,inf,inf,inf,inf,inf,inf,inf,inf,inf,inf,inf,inf,inf,inf,inf,inf,inf,inf,inf,inf,inf,inf,inf,inf,inf,inf,inf,inf,inf,inf,inf,inf,inf,inf,inf,inf,inf,inf,inf,inf,inf,inf,inf,inf,inf,inf,inf,inf,inf,inf,inf,inf,inf,inf,inf,inf,inf,inf,inf,inf,inf,inf,inf,inf,inf,inf,inf,inf,inf,inf,inf,inf,inf,inf,inf,inf,inf,inf,inf,inf,inf,inf,inf,inf,inf,inf,inf,inf,inf,inf,inf,inf,inf,inf,inf,inf,inf,inf,inf,inf,inf,inf,inf,inf,inf,inf,inf,inf,inf,inf,inf,inf,inf,inf,inf,inf,inf,inf,inf,inf,inf,inf,inf,inf,inf,inf,inf,inf,inf,inf,inf,inf,inf,inf,inf,inf,inf,inf,inf,inf,inf,inf,inf,inf,inf,inf,inf,inf,inf,inf,inf,inf,inf,inf,inf,inf,inf,inf,inf,inf,inf,inf,inf,inf,inf,inf,inf,inf,inf,inf,inf,inf,inf,inf,inf,inf,inf,inf,inf,inf,inf,inf,inf,inf,inf,inf,inf,inf,inf,inf,inf,inf,inf,inf,inf,inf,inf,inf,inf,inf,inf,inf,inf,inf,inf,inf,inf,inf,inf,inf,inf,inf,inf,inf,inf,inf,inf,inf,inf,inf,inf,inf,inf,inf,inf,inf,inf,inf,inf,inf,inf,inf,inf,inf,inf,inf,inf,inf,inf,inf,inf,inf,inf,inf,inf,inf,inf,inf,inf,inf,inf,inf,inf,inf,inf,inf,inf,inf,inf,inf,inf,inf,inf,inf,inf,inf,inf,inf,inf,inf,inf,inf,inf,inf,inf,inf
2,2025-10-19,7,5.0,9.0,81.0,7.0,41.0,80.0,1.0,18.0,3.0,41.0,3.0,69.0,79.0,94.0,55.0,12.0,53.0,14.0,49.0,30.0,57.0,6.0,4.0,8.0,38.0,40.0,15.0,14.0,9.0,81.0,98.0,24.0,8.0,54.0,3.0,112.0,24.0,32.0,22.0,13.0,166.0,9.0,18.0,26.0,4.0,6.0,16.0,16.0,5.0,154.0,8.0,11.0,8.0,81.0,98.0,47.0,27.0,31.0,7.0,30.0,10.0,5.0,59.0,50.0,16.0,52.0,6.0,3.0,35.0,26.0,22.0,10.0,19.0,172.0,20.0,35.0,31.0,58.0,9.0,114.0,8.0,74.0,5.0,56.0,67.0,4.0,24.0,176.0,9.0,40.0,72.0,9.0,6.0,11.0,62.0,84.0,31.0,66.0,89.0,35.0,44.0,35.0,23.0,35.0,56.0,34.0,82.0,51.0,47.0,46.0,43.0,29.0,29.0,51.0,50.0,48.0,44.0,25.0,42.0,54.0,44.0,34.0,52.0,33.0,50.0,77.0,50.0,44.0,24.0,45.0,65.0,34.0,44.0,33.0,44.0,34.0,112.0,36.0,60.0,67.0,46.0,47.0,64.0,53.0,50.0,63.0,69.0,26.0,56.0,36.0,30.0,33.0,30.0,42.0,48.0,68.0,46.0,78.0,56.0,37.0,73.0,73.0,70.0,72.0,55.0,25.0,59.0,32.0,43.0,45.0,38.0,37.0,33.0,34.0,37.0,49.0,42.0,39.0,41.0,29.0,24.0,22.0,16.0,26.0,37.0,30.0,33.0,40.0,22.0,37.0,31.0,30.0,30.0,34.0,31.0,27.0,42.0,30.0,23.0,23.0,inf,inf,inf,inf,inf,inf,inf,inf,inf,inf,inf,inf,inf,inf,inf,inf,inf,inf,inf,inf,inf,inf,inf,inf,inf,inf,inf,inf,inf,inf,inf,inf,inf,inf,inf,inf,inf,inf,inf,inf,inf,inf,inf,inf,inf,inf,inf,inf,inf,inf,inf,inf,inf,inf,inf,inf,inf,inf,inf,inf,inf,inf,inf,inf,inf,inf,inf,inf,inf,inf,inf,inf,inf,inf,inf,inf,inf,inf,inf,inf,inf,inf,inf,inf,inf,inf,inf,inf,inf,inf,inf,inf,inf,inf,inf,inf,inf,inf,inf,inf,inf,inf,inf,inf,inf,inf,inf,inf,inf,inf,inf,inf,inf,inf,inf,inf,inf,inf,inf,inf,inf,inf,inf,inf,inf,inf,inf,inf,inf,inf,inf,inf,inf,inf,inf,inf,inf,inf,inf,inf,inf,inf,inf,inf,inf,inf,inf,inf,inf,inf,inf,inf,inf,inf,inf,inf,inf,inf,inf,inf,inf,inf,inf,inf,inf,inf,inf,inf,inf,inf,inf,inf,inf,inf,inf,inf,inf,inf,inf,inf,inf,inf,inf,inf,inf,inf,inf,inf,inf,inf,inf,inf,inf,inf,inf,inf,inf,inf,inf,inf,inf,inf,inf,inf,inf,inf,inf,inf,inf,inf,inf,inf,inf,inf,inf,inf,inf,inf,inf,inf,inf,inf,inf,inf,inf,inf,inf,inf,inf,inf,inf,inf,inf,inf,inf,inf,inf,inf,inf,inf,inf,inf,inf,inf,inf,inf,inf,inf,inf,inf,inf,inf,inf,inf,inf,inf,inf,inf,inf,inf,inf,inf,inf,inf,inf,inf,inf,inf,inf,inf,inf,inf,inf,inf,inf,inf,inf,inf,inf,inf,inf,inf,inf,inf,inf,inf,inf,inf,inf,inf,inf,inf,inf,inf,inf,inf,inf,inf,inf,inf,inf,inf,inf,inf
3,2025-10-20,7,5.0,9.0,81.0,7.0,41.0,79.0,1.0,18.0,3.0,41.0,3.0,69.0,69.0,94.0,48.0,12.0,50.0,14.0,49.0,30.0,57.0,6.0,4.0,8.0,34.0,40.0,12.0,14.0,9.0,81.0,98.0,23.0,8.0,54.0,3.0,112.0,23.0,32.0,21.0,13.0,166.0,9.0,18.0,24.0,4.0,6.0,16.0,16.0,5.0,153.0,8.0,11.0,8.0,81.0,97.0,47.0,26.0,31.0,7.0,30.0,10.0,5.0,59.0,50.0,16.0,52.0,5.0,3.0,35.0,26.0,22.0,10.0,19.0,171.0,18.0,35.0,31.0,58.0,8.0,112.0,8.0,74.0,5.0,56.0,67.0,4.0,24.0,167.0,7.0,40.0,61.0,9.0,6.0,11.0,62.0,82.0,31.0,66.0,77.0,35.0,34.0,35.0,22.0,35.0,47.0,32.0,67.0,46.0,40.0,42.0,38.0,26.0,28.0,44.0,46.0,46.0,44.0,25.0,42.0,54.0,44.0,34.0,52.0,33.0,50.0,77.0,46.0,44.0,23.0,45.0,61.0,34.0,44.0,33.0,44.0,34.0,110.0,36.0,53.0,67.0,39.0,47.0,61.0,52.0,48.0,59.0,65.0,26.0,51.0,36.0,30.0,33.0,30.0,42.0,44.0,67.0,41.0,77.0,50.0,37.0,63.0,68.0,63.0,69.0,53.0,25.0,53.0,32.0,42.0,45.0,35.0,37.0,33.0,34.0,33.0,49.0,38.0,39.0,41.0,29.0,24.0,22.0,16.0,26.0,37.0,30.0,33.0,40.0,22.0,37.0,31.0,30.0,30.0,34.0,31.0,27.0,42.0,30.0,23.0,23.0,inf,inf,inf,inf,inf,inf,inf,inf,inf,inf,inf,inf,inf,inf,inf,inf,inf,inf,inf,inf,inf,inf,inf,inf,inf,inf,inf,inf,inf,inf,inf,inf,inf,inf,inf,inf,inf,inf,inf,inf,inf,inf,inf,inf,inf,inf,inf,inf,inf,inf,inf,inf,inf,inf,inf,inf,inf,inf,inf,inf,inf,inf,inf,inf,inf,inf,inf,inf,inf,inf,inf,inf,inf,inf,inf,inf,inf,inf,inf,inf,inf,inf,inf,inf,inf,inf,inf,inf,inf,inf,inf,inf,inf,inf,inf,inf,inf,inf,inf,inf,inf,inf,inf,inf,inf,inf,inf,inf,inf,inf,inf,inf,inf,inf,inf,inf,inf,inf,inf,inf,inf,inf,inf,inf,inf,inf,inf,inf,inf,inf,inf,inf,inf,inf,inf,inf,inf,inf,inf,inf,inf,inf,inf,inf,inf,inf,inf,inf,inf,inf,inf,inf,inf,inf,inf,inf,inf,inf,inf,inf,inf,inf,inf,inf,inf,inf,inf,inf,inf,inf,inf,inf,inf,inf,inf,inf,inf,inf,inf,inf,inf,inf,inf,inf,inf,inf,inf,inf,inf,inf,inf,inf,inf,inf,inf,inf,inf,inf,inf,inf,inf,inf,inf,inf,inf,inf,inf,inf,inf,inf,inf,inf,inf,inf,inf,inf,inf,inf,inf,inf,inf,inf,inf,inf,inf,inf,inf,inf,inf,inf,inf,inf,inf,inf,inf,inf,inf,inf,inf,inf,inf,inf,inf,inf,inf,inf,inf,inf,inf,inf,inf,inf,inf,inf,inf,inf,inf,inf,inf,inf,inf,inf,inf,inf,inf,inf,inf,inf,inf,inf,inf,inf,inf,inf,inf,inf,inf,inf,inf,inf,inf,inf,inf,inf,inf,inf,inf,inf,inf,inf,inf,inf,inf,inf,inf,inf,inf,inf,inf,inf,inf,inf,inf,inf
4,2025-10-21,7,5.0,9.0,81.0,7.0,41.0,79.0,1.0,18.0,3.0,41.0,3.0,69.0,69.0,94.0,48.0,12.0,50.0,14.0,49.0,30.0,57.0,6.0,4.0,8.0,34.0,40.0,12.0,14.0,9.0,81.0,98.0,23.0,8.0,54.0,3.0,112.0,23.0,32.0,21.0,13.0,166.0,9.0,18.0,24.0,4.0,6.0,16.0,16.0,5.0,152.0,8.0,11.0,8.0,81.0,97.0,47.0,26.0,31.0,7.0,30.0,10.0,5.0,59.0,50.0,16.0,52.0,5.0,3.0,35.0,26.0,22.0,10.0,19.0,171.0,18.0,35.0,31.0,58.0,8.0,112.0,8.0,73.0,5.0,56.0,67.0,4.0,24.0,167.0,7.0,40.0,61.0,9.0,6.0,11.0,51.0,78.0,29.0,66.0,77.0,35.0,34.0,35.0,22.0,35.0,47.0,32.0,67.0,46.0,40.0,42.0,38.0,26.0,28.0,44.0,46.0,46.0,44.0,25.0,42.0,54.0,44.0,34.0,52.0,33.0,50.0,77.0,46.0,44.0,23.0,45.0,61.0,34.0,44.0,33.0,44.0,34.0,110.0,36.0,53.0,67.0,39.0,47.0,61.0,52.0,48.0,59.0,65.0,26.0,51.0,36.0,30.0,33.0,30.0,42.0,44.0,67.0,41.0,77.0,50.0,37.0,61.0,68.0,63.0,69.0,53.0,25.0,53.0,32.0,42.0,45.0,35.0,37.0,33.0,34.0,33.0,49.0,38.0,39.0,41.0,29.0,24.0,22.0,16.0,26.0,37.0,30.0,33.0,40.0,22.0,37.0,31.0,30.0,30.0,34.0,31.0,27.0,42.0,30.0,23.0,23.0,inf,inf,inf,inf,inf,inf,inf,inf,inf,inf,inf,inf,inf,inf,inf,inf,inf,inf,inf,inf,inf,inf,inf,inf,inf,inf,inf,inf,inf,inf,inf,inf,inf,inf,inf,inf,inf,inf,inf,inf,inf,inf,inf,inf,inf,inf,inf,inf,inf,inf,inf,inf,inf,inf,inf,inf,inf,inf,inf,inf,inf,inf,inf,inf,inf,inf,inf,inf,inf,inf,inf,inf,inf,inf,inf,inf,inf,inf,inf,inf,inf,inf,inf,inf,inf,inf,inf,inf,inf,inf,inf,inf,inf,inf,inf,inf,inf,inf,inf,inf,inf,inf,inf,inf,inf,inf,inf,inf,inf,inf,inf,inf,inf,inf,inf,inf,inf,inf,inf,inf,inf,inf,inf,inf,inf,inf,inf,inf,inf,inf,inf,inf,inf,inf,inf,inf,inf,inf,inf,inf,inf,inf,inf,inf,inf,inf,inf,inf,inf,inf,inf,inf,inf,inf,inf,inf,inf,inf,inf,inf,inf,inf,inf,inf,inf,inf,inf,inf,inf,inf,inf,inf,inf,inf,inf,inf,inf,inf,inf,inf,inf,inf,inf,inf,inf,inf,inf,inf,inf,inf,inf,inf,inf,inf,inf,inf,inf,inf,inf,inf,inf,inf,inf,inf,inf,inf,inf,inf,inf,inf,inf,inf,inf,inf,inf,inf,inf,inf,inf,inf,inf,inf,inf,inf,inf,inf,inf,inf,inf,inf,inf,inf,inf,inf,inf,inf,inf,inf,inf,inf,inf,inf,inf,inf,inf,inf,inf,inf,inf,inf,inf,inf,inf,inf,inf,inf,inf,inf,inf,inf,inf,inf,inf,inf,inf,inf,inf,inf,inf,inf,inf,inf,inf,inf,inf,inf,inf,inf,inf,inf,inf,inf,inf,inf,inf,inf,inf,inf,inf,inf,inf,inf,inf,inf,inf,inf,inf,inf,inf,inf,inf,inf,inf,inf
5,2025-10-23,7,5.0,9.0,81.0,7.0,34.0,79.0,1.0,18.0,3.0,41.0,3.0,69.0,69.0,94.0,48.0,12.0,50.0,14.0,49.0,30.0,57.0,6.0,4.0,8.0,34.0,40.0,12.0,14.0,9.0,81.0,98.0,23.0,8.0,54.0,3.0,112.0,23.0,32.0,21.0,13.0,166.0,9.0,18.0,24.0,4.0,6.0,16.0,16.0,5.0,152.0,8.0,11.0,8.0,81.0,97.0,47.0,26.0,31.0,7.0,30.0,10.0,5.0,59.0,50.0,16.0,52.0,5.0,3.0,35.0,26.0,22.0,10.0,19.0,169.0,18.0,35.0,31.0,58.0,8.0,112.0,8.0,73.0,5.0,56.0,67.0,4.0,24.0,167.0,7.0,40.0,61.0,9.0,6.0,11.0,51.0,78.0,29.0,66.0,77.0,35.0,34.0,35.0,22.0,35.0,47.0,32.0,67.0,46.0,40.0,42.0,38.0,26.0,28.0,44.0,46.0,46.0,44.0,25.0,42.0,54.0,44.0,34.0,52.0,33.0,50.0,77.0,46.0,44.0,23.0,45.0,61.0,34.0,44.0,33.0,44.0,34.0,110.0,36.0,53.0,67.0,39.0,47.0,61.0,52.0,48.0,59.0,65.0,26.0,51.0,36.0,30.0,33.0,30.0,42.0,44.0,67.0,41.0,77.0,50.0,37.0,61.0,68.0,63.0,69.0,53.0,25.0,53.0,32.0,42.0,45.0,35.0,37.0,33.0,34.0,33.0,49.0,38.0,39.0,41.0,29.0,24.0,22.0,16.0,26.0,37.0,30.0,33.0,40.0,22.0,37.0,31.0,30.0,30.0,34.0,31.0,27.0,42.0,30.0,23.0,23.0,inf,inf,inf,inf,inf,inf,inf,inf,inf,inf,inf,inf,inf,inf,inf,inf,inf,inf,inf,inf,inf,inf,inf,inf,inf,inf,inf,inf,inf,inf,inf,inf,inf,inf,inf,inf,inf,inf,inf,inf,inf,inf,inf,inf,inf,inf,inf,inf,inf,inf,inf,inf,inf,inf,inf,inf,inf,inf,inf,inf,inf,inf,inf,inf,inf,inf,inf,inf,inf,inf,inf,inf,inf,inf,inf,inf,inf,inf,inf,inf,inf,inf,inf,inf,inf,inf,inf,inf,inf,inf,inf,inf,inf,inf,inf,inf,inf,inf,inf,inf,inf,inf,inf,inf,inf,inf,inf,inf,inf,inf,inf,inf,inf,inf,inf,inf,inf,inf,inf,inf,inf,inf,inf,inf,inf,inf,inf,inf,inf,inf,inf,inf,inf,inf,inf,inf,inf,inf,inf,inf,inf,inf,inf,inf,inf,inf,inf,inf,inf,inf,inf,inf,inf,inf,inf,inf,inf,inf,inf,inf,inf,inf,inf,inf,inf,inf,inf,inf,inf,inf,inf,inf,inf,inf,inf,inf,inf,inf,inf,inf,inf,inf,inf,inf,inf,inf,inf,inf,inf,inf,inf,inf,inf,inf,inf,inf,inf,inf,inf,inf,inf,inf,inf,inf,inf,inf,inf,inf,inf,inf,inf,inf,inf,inf,inf,inf,inf,inf,inf,inf,inf,inf,inf,inf,inf,inf,inf,inf,inf,inf,inf,inf,inf,inf,inf,inf,inf,inf,inf,inf,inf,inf,inf,inf,inf,inf,inf,inf,inf,inf,inf,inf,inf,inf,inf,inf,inf,inf,inf,inf,inf,inf,inf,inf,inf,inf,inf,inf,inf,inf,inf,inf,inf,inf,inf,inf,inf,inf,inf,inf,inf,inf,inf,inf,inf,inf,inf,inf,inf,inf,inf,inf,inf,inf,inf,inf,inf,inf,inf,inf,inf,inf,inf,inf
6,2025-10-25,7,5.0,9.0,81.0,7.0,34.0,79.0,1.0,18.0,3.0,41.0,3.0,69.0,69.0,94.0,48.0,12.0,50.0,14.0,49.0,30.0,57.0,6.0,4.0,8.0,34.0,40.0,12.0,14.0,9.0,81.0,98.0,23.0,8.0,54.0,3.0,112.0,23.0,32.0,21.0,13.0,166.0,9.0,18.0,24.0,4.0,6.0,16.0,16.0,5.0,152.0,8.0,11.0,8.0,81.0,97.0,47.0,26.0,31.0,7.0,30.0,10.0,5.0,59.0,50.0,16.0,52.0,5.0,3.0,35.0,26.0,22.0,10.0,19.0,169.0,18.0,35.0,31.0,58.0,8.0,112.0,8.0,73.0,5.0,56.0,67.0,4.0,24.0,165.0,7.0,40.0,61.0,9.0,6.0,11.0,51.0,78.0,29.0,66.0,77.0,35.0,34.0,35.0,22.0,35.0,47.0,32.0,67.0,46.0,40.0,42.0,38.0,26.0,28.0,44.0,46.0,46.0,44.0,25.0,42.0,54.0,44.0,34.0,52.0,33.0,50.0,77.0,46.0,44.0,23.0,45.0,61.0,34.0,44.0,33.0,44.0,34.0,110.0,36.0,53.0,67.0,39.0,47.0,61.0,52.0,48.0,59.0,65.0,26.0,51.0,36.0,30.0,33.0,30.0,42.0,44.0,67.0,41.0,77.0,50.0,37.0,61.0,68.0,63.0,69.0,53.0,25.0,53.0,32.0,42.0,45.0,35.0,37.0,33.0,34.0,33.0,49.0,38.0,39.0,41.0,29.0,24.0,22.0,16.0,26.0,37.0,30.0,33.0,40.0,22.0,37.0,31.0,30.0,30.0,34.0,31.0,27.0,42.0,30.0,23.0,23.0,inf,inf,inf,inf,inf,inf,inf,inf,inf,inf,inf,inf,inf,inf,inf,inf,inf,inf,inf,inf,inf,inf,inf,inf,inf,inf,inf,inf,inf,inf,inf,inf,inf,inf,inf,inf,inf,inf,inf,inf,inf,inf,inf,inf,inf,inf,inf,inf,inf,inf,inf,inf,inf,inf,inf,inf,inf,inf,inf,inf,inf,inf,inf,inf,inf,inf,inf,inf,inf,inf,inf,inf,inf,inf,inf,inf,inf,inf,inf,inf,inf,inf,inf,inf,inf,inf,inf,inf,inf,inf,inf,inf,inf,inf,inf,inf,inf,inf,inf,inf,inf,inf,inf,inf,inf,inf,inf,inf,inf,inf,inf,inf,inf,inf,inf,inf,inf,inf,inf,inf,inf,inf,inf,inf,inf,inf,inf,inf,inf,inf,inf,inf,inf,inf,inf,inf,inf,inf,inf,inf,inf,inf,inf,inf,inf,inf,inf,inf,inf,inf,inf,inf,inf,inf,inf,inf,inf,inf,inf,inf,inf,inf,inf,inf,inf,inf,inf,inf,inf,inf,inf,inf,inf,inf,inf,inf,inf,inf,inf,inf,inf,inf,inf,inf,inf,inf,inf,inf,inf,inf,inf,inf,inf,inf,inf,inf,inf,inf,inf,inf,inf,inf,inf,inf,inf,inf,inf,inf,inf,inf,inf,inf,inf,inf,inf,inf,inf,inf,inf,inf,inf,inf,inf,inf,inf,inf,inf,inf,inf,inf,inf,inf,inf,inf,inf,inf,inf,inf,inf,inf,inf,inf,inf,inf,inf,inf,inf,inf,inf,inf,inf,inf,inf,inf,inf,inf,inf,inf,inf,inf,inf,inf,inf,inf,inf,inf,inf,inf,inf,inf,inf,inf,inf,inf,inf,inf,inf,inf,inf,inf,inf,inf,inf,inf,inf,inf,inf,inf,inf,inf,inf,inf,inf,inf,inf,inf,inf,inf,inf,inf,inf,inf,inf,inf
7,2025-10-26,7,5.0,9.0,81.0,7.0,31.0,79.0,1.0,18.0,3.0,41.0,3.0,69.0,69.0,94.0,48.0,12.0,50.0,14.0,49.0,30.0,57.0,6.0,4.0,8.0,33.0,40.0,12.0,14.0,9.0,81.0,97.0,23.0,8.0,54.0,3.0,110.0,23.0,32.0,21.0,13.0,166.0,9.0,17.0,24.0,4.0,6.0,16.0,16.0,5.0,152.0,8.0,11.0,8.0,81.0,97.0,47.0,26.0,30.0,6.0,30.0,10.0,5.0,59.0,50.0,16.0,52.0,5.0,3.0,34.0,26.0,22.0,10.0,19.0,169.0,18.0,35.0,31.0,57.0,8.0,112.0,8.0,73.0,5.0,56.0,67.0,4.0,23.0,165.0,7.0,40.0,61.0,9.0,5.0,11.0,51.0,78.0,29.0,66.0,77.0,35.0,34.0,35.0,22.0,35.0,45.0,31.0,66.0,45.0,39.0,41.0,37.0,26.0,28.0,44.0,46.0,46.0,44.0,24.0,42.0,53.0,44.0,34.0,52.0,31.0,50.0,75.0,46.0,44.0,23.0,44.0,61.0,34.0,44.0,33.0,44.0,34.0,110.0,36.0,53.0,67.0,39.0,47.0,61.0,52.0,48.0,59.0,65.0,26.0,51.0,36.0,30.0,33.0,30.0,42.0,44.0,67.0,41.0,77.0,50.0,37.0,61.0,68.0,63.0,69.0,53.0,25.0,53.0,32.0,42.0,45.0,35.0,37.0,33.0,34.0,33.0,49.0,38.0,39.0,41.0,29.0,24.0,22.0,16.0,26.0,37.0,30.0,33.0,40.0,22.0,37.0,31.0,30.0,30.0,34.0,31.0,27.0,42.0,30.0,23.0,23.0,inf,inf,inf,inf,inf,inf,inf,inf,inf,inf,inf,inf,inf,inf,inf,inf,inf,inf,inf,inf,inf,inf,inf,inf,inf,inf,inf,inf,inf,inf,inf,inf,inf,inf,inf,inf,inf,inf,inf,inf,inf,inf,inf,inf,inf,inf,inf,inf,inf,inf,inf,inf,inf,inf,inf,inf,inf,inf,inf,inf,inf,inf,inf,inf,inf,inf,inf,inf,inf,inf,inf,inf,inf,inf,inf,inf,inf,inf,inf,inf,inf,inf,inf,inf,inf,inf,inf,inf,inf,inf,inf,inf,inf,inf,inf,inf,inf,inf,inf,inf,inf,inf,inf,inf,inf,inf,inf,inf,inf,inf,inf,inf,inf,inf,inf,inf,inf,inf,inf,inf,inf,inf,inf,inf,inf,inf,inf,inf,inf,inf,inf,inf,inf,inf,inf,inf,inf,inf,inf,inf,inf,inf,inf,inf,inf,inf,inf,inf,inf,inf,inf,inf,inf,inf,inf,inf,inf,inf,inf,inf,inf,inf,inf,inf,inf,inf,inf,inf,inf,inf,inf,inf,inf,inf,inf,inf,inf,inf,inf,inf,inf,inf,inf,inf,inf,inf,inf,inf,inf,inf,inf,inf,inf,inf,inf,inf,inf,inf,inf,inf,inf,inf,inf,inf,inf,inf,inf,inf,inf,inf,inf,inf,inf,inf,inf,inf,inf,inf,inf,inf,inf,inf,inf,inf,inf,inf,inf,inf,inf,inf,inf,inf,inf,inf,inf,inf,inf,inf,inf,inf,inf,inf,inf,inf,inf,inf,inf,inf,inf,inf,inf,inf,inf,inf,inf,inf,inf,inf,inf,inf,inf,inf,inf,inf,inf,inf,inf,inf,inf,inf,inf,inf,inf,inf,inf,inf,inf,inf,inf,inf,inf,inf,inf,inf,inf,inf,inf,inf,inf,inf,inf,inf,inf,inf,inf,inf,inf,inf,inf,inf,inf,inf,inf,inf
8,2025-10-27,7,5.0,9.0,81.0,7.0,31.0,79.0,1.0,18.0,3.0,41.0,3.0,69.0,69.0,94.0,48.0,12.0,50.0,14.0,49.0,30.0,57.0,6.0,4.0,8.0,33.0,40.0,12.0,14.0,9.0,81.0,97.0,23.0,8.0,54.0,3.0,110.0,23.0,32.0,21.0,13.0,165.0,9.0,17.0,24.0,4.0,6.0,16.0,16.0,5.0,149.0,8.0,11.0,8.0,81.0,97.0,47.0,26.0,30.0,6.0,30.0,10.0,5.0,59.0,50.0,16.0,52.0,5.0,3.0,34.0,26.0,22.0,10.0,19.0,168.0,18.0,35.0,31.0,57.0,8.0,112.0,7.0,73.0,5.0,56.0,67.0,4.0,23.0,165.0,7.0,40.0,61.0,9.0,5.0,11.0,51.0,78.0,29.0,65.0,77.0,35.0,34.0,35.0,22.0,35.0,45.0,31.0,66.0,45.0,39.0,41.0,37.0,26.0,28.0,44.0,45.0,46.0,42.0,24.0,42.0,51.0,42.0,34.0,46.0,31.0,50.0,75.0,46.0,44.0,23.0,43.0,60.0,32.0,44.0,33.0,42.0,32.0,109.0,36.0,53.0,63.0,38.0,46.0,58.0,52.0,47.0,57.0,65.0,26.0,51.0,35.0,30.0,31.0,30.0,41.0,43.0,67.0,41.0,77.0,50.0,37.0,61.0,67.0,63.0,69.0,53.0,25.0,52.0,31.0,42.0,44.0,35.0,36.0,32.0,34.0,33.0,49.0,37.0,38.0,41.0,29.0,24.0,22.0,16.0,25.0,36.0,30.0,31.0,40.0,20.0,35.0,31.0,30.0,28.0,34.0,30.0,27.0,40.0,30.0,23.0,23.0,inf,inf,inf,inf,inf,inf,inf,inf,inf,inf,inf,inf,inf,inf,inf,inf,inf,inf,inf,inf,inf,inf,inf,inf,inf,inf,inf,inf,inf,inf,inf,inf,inf,inf,inf,inf,inf,inf,inf,inf,inf,inf,inf,inf,inf,inf,inf,inf,inf,inf,inf,inf,inf,inf,inf,inf,inf,inf,inf,inf,inf,inf,inf,inf,inf,inf,inf,inf,inf,inf,inf,inf,inf,inf,inf,inf,inf,inf,inf,inf,inf,inf,inf,inf,inf,inf,inf,inf,inf,inf,inf,inf,inf,inf,inf,inf,inf,inf,inf,inf,inf,inf,inf,inf,inf,inf,inf,inf,inf,inf,inf,inf,inf,inf,inf,inf,inf,inf,inf,inf,inf,inf,inf,inf,inf,inf,inf,inf,inf,inf,inf,inf,inf,inf,inf,inf,inf,inf,inf,inf,inf,inf,inf,inf,inf,inf,inf,inf,inf,inf,inf,inf,inf,inf,inf,inf,inf,inf,inf,inf,inf,inf,inf,inf,inf,inf,inf,inf,inf,inf,inf,inf,inf,inf,inf,inf,inf,inf,inf,inf,inf,inf,inf,inf,inf,inf,inf,inf,inf,inf,inf,inf,inf,inf,inf,inf,inf,inf,inf,inf,inf,inf,inf,inf,inf,inf,inf,inf,inf,inf,inf,inf,inf,inf,inf,inf,inf,inf,inf,inf,inf,inf,inf,inf,inf,inf,inf,inf,inf,inf,inf,inf,inf,inf,inf,inf,inf,inf,inf,inf,inf,inf,inf,inf,inf,inf,inf,inf,inf,inf,inf,inf,inf,inf,inf,inf,inf,inf,inf,inf,inf,inf,inf,inf,inf,inf,inf,inf,inf,inf,inf,inf,inf,inf,inf,inf,inf,inf,inf,inf,inf,inf,inf,inf,inf,inf,inf,inf,inf,inf,inf,inf,inf,inf,inf,inf,inf,inf,inf,inf,inf,inf,inf,inf
9,2025-10-28,7,5.0,9.0,81.0,7.0,31.0,79.0,1.0,18.0,3.0,41.0,3.0,69.0,67.0,94.0,48.0,12.0,50.0,14.0,49.0,30.0,57.0,6.0,4.0,8.0,33.0,40.0,12.0,14.0,9.0,81.0,97.0,23.0,8.0,54.0,3.0,110.0,23.0,32.0,21.0,13.0,165.0,9.0,17.0,24.0,4.0,6.0,16.0,16.0,5.0,149.0,8.0,11.0,8.0,81.0,97.0,47.0,26.0,30.0,6.0,30.0,10.0,5.0,59.0,50.0,16.0,52.0,5.0,3.0,34.0,26.0,22.0,10.0,19.0,168.0,18.0,35.0,31.0,57.0,8.0,112.0,7.0,73.0,5.0,56.0,67.0,4.0,23.0,162.0,7.0,40.0,61.0,9.0,5.0,11.0,51.0,78.0,29.0,65.0,76.0,35.0,34.0,35.0,22.0,35.0,45.0,31.0,66.0,45.0,39.0,41.0,37.0,26.0,28.0,44.0,45.0,46.0,42.0,24.0,42.0,51.0,42.0,34.0,46.0,31.0,50.0,75.0,46.0,44.0,23.0,43.0,60.0,32.0,44.0,33.0,42.0,32.0,109.0,36.0,53.0,63.0,38.0,46.0,58.0,52.0,47.0,57.0,65.0,26.0,51.0,35.0,30.0,31.0,30.0,41.0,43.0,67.0,41.0,77.0,50.0,37.0,61.0,67.0,63.0,69.0,52.0,25.0,52.0,31.0,42.0,44.0,35.0,36.0,32.0,34.0,33.0,49.0,37.0,38.0,41.0,29.0,24.0,22.0,16.0,25.0,36.0,30.0,31.0,40.0,20.0,35.0,31.0,30.0,28.0,34.0,30.0,27.0,40.0,30.0,23.0,23.0,inf,inf,inf,inf,inf,inf,inf,inf,inf,inf,inf,inf,inf,inf,inf,inf,inf,inf,inf,inf,inf,inf,inf,inf,inf,inf,inf,inf,inf,inf,inf,inf,inf,inf,inf,inf,inf,inf,inf,inf,inf,inf,inf,inf,inf,inf,inf,inf,inf,inf,inf,inf,inf,inf,inf,inf,inf,inf,inf,inf,inf,inf,inf,inf,inf,inf,inf,inf,inf,inf,inf,inf,inf,inf,inf,inf,inf,inf,inf,inf,inf,inf,inf,inf,inf,inf,inf,inf,inf,inf,inf,inf,inf,inf,inf,inf,inf,inf,inf,inf,inf,inf,inf,inf,inf,inf,inf,inf,inf,inf,inf,inf,inf,inf,inf,inf,inf,inf,inf,inf,inf,inf,inf,inf,inf,inf,inf,inf,inf,inf,inf,inf,inf,inf,inf,inf,inf,inf,inf,inf,inf,inf,inf,inf,inf,inf,inf,inf,inf,inf,inf,inf,inf,inf,inf,inf,inf,inf,inf,inf,inf,inf,inf,inf,inf,inf,inf,inf,inf,inf,inf,inf,inf,inf,inf,inf,inf,inf,inf,inf,inf,inf,inf,inf,inf,inf,inf,inf,inf,inf,inf,inf,inf,inf,inf,inf,inf,inf,inf,inf,inf,inf,inf,inf,inf,inf,inf,inf,inf,inf,inf,inf,inf,inf,inf,inf,inf,inf,inf,inf,inf,inf,inf,inf,inf,inf,inf,inf,inf,inf,inf,inf,inf,inf,inf,inf,inf,inf,inf,inf,inf,inf,inf,inf,inf,inf,inf,inf,inf,inf,inf,inf,inf,inf,inf,inf,inf,inf,inf,inf,inf,inf,inf,inf,inf,inf,inf,inf,inf,inf,inf,inf,inf,inf,inf,inf,inf,inf,inf,inf,inf,inf,inf,inf,inf,inf,inf,inf,inf,inf,inf,inf,inf,inf,inf,inf,inf,inf,inf,inf,inf,inf,inf,inf
10,2025-10-31,7,5.0,9.0,81.0,7.0,31.0,79.0,1.0,18.0,3.0,41.0,3.0,69.0,67.0,94.0,48.0,12.0,50.0,14.0,49.0,30.0,57.0,6.0,4.0,8.0,33.0,40.0,12.0,14.0,9.0,81.0,97.0,23.0,8.0,54.0,3.0,110.0,23.0,32.0,21.0,13.0,165.0,9.0,17.0,24.0,4.0,6.0,16.0,16.0,5.0,149.0,8.0,11.0,8.0,81.0,97.0,47.0,26.0,30.0,6.0,30.0,10.0,5.0,59.0,50.0,16.0,52.0,5.0,3.0,34.0,26.0,22.0,10.0,19.0,168.0,18.0,35.0,31.0,57.0,8.0,112.0,7.0,73.0,5.0,56.0,67.0,4.0,23.0,162.0,7.0,40.0,61.0,9.0,5.0,11.0,51.0,78.0,29.0,65.0,76.0,35.0,34.0,35.0,22.0,35.0,45.0,31.0,66.0,45.0,39.0,41.0,37.0,26.0,28.0,44.0,45.0,46.0,42.0,24.0,42.0,51.0,42.0,34.0,46.0,31.0,50.0,75.0,46.0,44.0,23.0,43.0,60.0,32.0,44.0,33.0,42.0,32.0,109.0,36.0,53.0,63.0,38.0,46.0,58.0,52.0,47.0,57.0,65.0,26.0,51.0,35.0,30.0,31.0,30.0,41.0,43.0,67.0,41.0,77.0,50.0,37.0,61.0,67.0,63.0,69.0,52.0,25.0,52.0,31.0,42.0,44.0,35.0,36.0,32.0,34.0,33.0,49.0,37.0,38.0,41.0,29.0,24.0,22.0,16.0,25.0,36.0,30.0,31.0,40.0,20.0,35.0,31.0,30.0,28.0,34.0,30.0,27.0,40.0,30.0,23.0,23.0,312.0,inf,inf,inf,inf,inf,inf,inf,inf,inf,inf,inf,inf,inf,inf,inf,inf,inf,inf,inf,inf,inf,inf,inf,inf,inf,inf,inf,inf,inf,inf,inf,inf,inf,inf,inf,inf,inf,inf,inf,inf,inf,inf,inf,inf,inf,inf,inf,inf,inf,inf,inf,inf,inf,inf,inf,inf,inf,inf,inf,inf,inf,inf,inf,inf,inf,inf,inf,inf,inf,inf,inf,inf,inf,inf,inf,inf,inf,inf,inf,inf,inf,inf,inf,inf,inf,inf,inf,inf,inf,inf,inf,inf,inf,inf,inf,inf,inf,inf,inf,inf,inf,inf,inf,inf,inf,inf,inf,inf,inf,inf,inf,inf,inf,inf,inf,inf,inf,inf,inf,inf,inf,inf,inf,inf,inf,inf,inf,inf,inf,inf,inf,inf,inf,inf,inf,inf,inf,inf,inf,inf,inf,inf,inf,inf,inf,inf,inf,inf,inf,inf,inf,inf,inf,inf,inf,inf,inf,inf,inf,inf,inf,inf,inf,inf,inf,inf,inf,inf,inf,inf,inf,inf,inf,inf,inf,inf,inf,inf,inf,inf,inf,inf,inf,inf,inf,inf,inf,inf,inf,inf,inf,inf,inf,inf,inf,inf,inf,inf,inf,inf,inf,inf,inf,inf,inf,inf,inf,inf,inf,inf,inf,inf,inf,inf,inf,inf,inf,inf,inf,inf,inf,inf,inf,inf,inf,inf,inf,inf,inf,inf,inf,inf,inf,inf,inf,inf,inf,inf,inf,inf,inf,inf,inf,inf,inf,inf,inf,inf,inf,inf,inf,inf,inf,inf,inf,inf,inf,inf,inf,inf,inf,inf,inf,inf,inf,inf,inf,inf,inf,inf,inf,inf,inf,inf,inf,inf,inf,inf,inf,inf,inf,inf,inf,inf,inf,inf,inf,inf,inf,inf,inf,inf,inf,inf,inf,inf,inf,inf,inf,inf,inf,inf,inf
11,2025-11-01,7,5.0,9.0,81.0,7.0,31.0,79.0,1.0,18.0,3.0,41.0,3.0,69.0,67.0,94.0,48.0,12.0,50.0,14.0,49.0,30.0,57.0,6.0,4.0,8.0,33.0,40.0,12.0,14.0,9.0,81.0,97.0,23.0,8.0,54.0,3.0,110.0,23.0,32.0,21.0,13.0,165.0,9.0,17.0,24.0,4.0,6.0,16.0,16.0,5.0,149.0,8.0,11.0,8.0,81.0,97.0,47.0,26.0,30.0,6.0,30.0,10.0,5.0,59.0,50.0,16.0,52.0,5.0,3.0,34.0,26.0,22.0,10.0,19.0,168.0,18.0,35.0,31.0,57.0,8.0,112.0,7.0,73.0,5.0,56.0,67.0,4.0,23.0,162.0,7.0,40.0,61.0,9.0,5.0,11.0,51.0,78.0,29.0,65.0,76.0,35.0,34.0,35.0,22.0,35.0,45.0,31.0,66.0,45.0,39.0,41.0,37.0,26.0,28.0,44.0,45.0,46.0,42.0,24.0,42.0,51.0,42.0,34.0,46.0,31.0,50.0,75.0,46.0,44.0,23.0,43.0,60.0,32.0,44.0,33.0,42.0,32.0,109.0,36.0,53.0,63.0,38.0,46.0,58.0,52.0,47.0,57.0,65.0,26.0,51.0,35.0,30.0,31.0,30.0,41.0,43.0,67.0,41.0,77.0,50.0,37.0,61.0,67.0,63.0,69.0,52.0,25.0,52.0,31.0,42.0,44.0,35.0,36.0,32.0,34.0,33.0,49.0,37.0,38.0,41.0,29.0,24.0,22.0,16.0,25.0,36.0,30.0,31.0,40.0,20.0,35.0,31.0,30.0,28.0,34.0,30.0,27.0,40.0,30.0,23.0,23.0,312.0,269.0,inf,inf,inf,inf,inf,inf,inf,inf,inf,inf,inf,inf,inf,inf,inf,inf,inf,inf,inf,inf,inf,inf,inf,inf,inf,inf,inf,inf,inf,inf,inf,inf,inf,inf,inf,inf,inf,inf,inf,inf,inf,inf,inf,inf,inf,inf,inf,inf,inf,inf,inf,inf,inf,inf,inf,inf,inf,inf,inf,inf,inf,inf,inf,inf,inf,inf,inf,inf,inf,inf,inf,inf,inf,inf,inf,inf,inf,inf,inf,inf,inf,inf,inf,inf,inf,inf,inf,inf,inf,inf,inf,inf,inf,inf,inf,inf,inf,inf,inf,inf,inf,inf,inf,inf,inf,inf,inf,inf,inf,inf,inf,inf,inf,inf,inf,inf,inf,inf,inf,inf,inf,inf,inf,inf,inf,inf,inf,inf,inf,inf,inf,inf,inf,inf,inf,inf,inf,inf,inf,inf,inf,inf,inf,inf,inf,inf,inf,inf,inf,inf,inf,inf,inf,inf,inf,inf,inf,inf,inf,inf,inf,inf,inf,inf,inf,inf,inf,inf,inf,inf,inf,inf,inf,inf,inf,inf,inf,inf,inf,inf,inf,inf,inf,inf,inf,inf,inf,inf,inf,inf,inf,inf,inf,inf,inf,inf,inf,inf,inf,inf,inf,inf,inf,inf,inf,inf,inf,inf,inf,inf,inf,inf,inf,inf,inf,inf,inf,inf,inf,inf,inf,inf,inf,inf,inf,inf,inf,inf,inf,inf,inf,inf,inf,inf,inf,inf,inf,inf,inf,inf,inf,inf,inf,inf,inf,inf,inf,inf,inf,inf,inf,inf,inf,inf,inf,inf,inf,inf,inf,inf,inf,inf,inf,inf,inf,inf,inf,inf,inf,inf,inf,inf,inf,inf,inf,inf,inf,inf,inf,inf,inf,inf,inf,inf,inf,inf,inf,inf,inf,inf,inf,inf,inf,inf,inf,inf,inf,inf,inf,inf,inf,inf
12,2025-11-04,7,5.0,9.0,81.0,7.0,31.0,79.0,1.0,18.0,3.0,41.0,3.0,69.0,67.0,94.0,48.0,12.0,50.0,14.0,49.0,30.0,57.0,6.0,4.0,8.0,33.0,40.0,12.0,14.0,9.0,81.0,97.0,23.0,8.0,54.0,3.0,110.0,23.0,32.0,21.0,13.0,165.0,9.0,17.0,24.0,4.0,6.0,16.0,16.0,5.0,149.0,8.0,11.0,8.0,81.0,97.0,47.0,26.0,30.0,6.0,30.0,10.0,5.0,59.0,50.0,16.0,52.0,5.0,3.0,34.0,26.0,22.0,10.0,19.0,168.0,18.0,35.0,31.0,57.0,8.0,112.0,7.0,73.0,5.0,56.0,67.0,4.0,23.0,162.0,7.0,40.0,61.0,9.0,5.0,11.0,51.0,78.0,29.0,65.0,76.0,35.0,34.0,35.0,22.0,35.0,45.0,31.0,66.0,45.0,39.0,41.0,37.0,26.0,28.0,44.0,45.0,46.0,42.0,24.0,42.0,51.0,42.0,34.0,46.0,31.0,50.0,75.0,46.0,44.0,23.0,43.0,60.0,32.0,44.0,33.0,42.0,32.0,109.0,36.0,53.0,63.0,38.0,46.0,58.0,52.0,47.0,57.0,65.0,26.0,51.0,35.0,30.0,31.0,30.0,41.0,43.0,67.0,41.0,77.0,50.0,37.0,61.0,67.0,63.0,69.0,52.0,25.0,52.0,31.0,42.0,44.0,35.0,36.0,32.0,34.0,33.0,49.0,37.0,38.0,41.0,29.0,24.0,22.0,16.0,25.0,36.0,30.0,31.0,40.0,20.0,35.0,31.0,30.0,28.0,34.0,30.0,27.0,40.0,30.0,23.0,23.0,312.0,269.0,336.0,inf,inf,inf,inf,inf,inf,inf,inf,inf,inf,inf,inf,inf,inf,inf,inf,inf,inf,inf,inf,inf,inf,inf,inf,inf,inf,inf,inf,inf,inf,inf,inf,inf,inf,inf,inf,inf,inf,inf,inf,inf,inf,inf,inf,inf,inf,inf,inf,inf,inf,inf,inf,inf,inf,inf,inf,inf,inf,inf,inf,inf,inf,inf,inf,inf,inf,inf,inf,inf,inf,inf,inf,inf,inf,inf,inf,inf,inf,inf,inf,inf,inf,inf,inf,inf,inf,inf,inf,inf,inf,inf,inf,inf,inf,inf,inf,inf,inf,inf,inf,inf,inf,inf,inf,inf,inf,inf,inf,inf,inf,inf,inf,inf,inf,inf,inf,inf,inf,inf,inf,inf,inf,inf,inf,inf,inf,inf,inf,inf,inf,inf,inf,inf,inf,inf,inf,inf,inf,inf,inf,inf,inf,inf,inf,inf,inf,inf,inf,inf,inf,inf,inf,inf,inf,inf,inf,inf,inf,inf,inf,inf,inf,inf,inf,inf,inf,inf,inf,inf,inf,inf,inf,inf,inf,inf,inf,inf,inf,inf,inf,inf,inf,inf,inf,inf,inf,inf,inf,inf,inf,inf,inf,inf,inf,inf,inf,inf,inf,inf,inf,inf,inf,inf,inf,inf,inf,inf,inf,inf,inf,inf,inf,inf,inf,inf,inf,inf,inf,inf,inf,inf,inf,inf,inf,inf,inf,inf,inf,inf,inf,inf,inf,inf,inf,inf,inf,inf,inf,inf,inf,inf,inf,inf,inf,inf,inf,inf,inf,inf,inf,inf,inf,inf,inf,inf,inf,inf,inf,inf,inf,inf,inf,inf,inf,inf,inf,inf,inf,inf,inf,inf,inf,inf,inf,inf,inf,inf,inf,inf,inf,inf,inf,inf,inf,inf,inf,inf,inf,inf,inf,inf,inf,inf,inf,inf,inf,inf,inf,inf,inf,inf
13,2025-11-09,7,5.0,9.0,81.0,7.0,31.0,79.0,1.0,18.0,3.0,41.0,3.0,69.0,67.0,94.0,48.0,12.0,50.0,14.0,49.0,30.0,57.0,6.0,4.0,8.0,33.0,40.0,12.0,14.0,9.0,81.0,97.0,23.0,8.0,54.0,3.0,110.0,23.0,32.0,21.0,13.0,165.0,9.0,17.0,24.0,4.0,6.0,16.0,16.0,5.0,149.0,8.0,11.0,8.0,81.0,97.0,47.0,26.0,30.0,6.0,30.0,10.0,5.0,59.0,50.0,16.0,52.0,5.0,3.0,34.0,26.0,22.0,10.0,19.0,168.0,18.0,35.0,31.0,57.0,8.0,112.0,7.0,73.0,5.0,56.0,67.0,4.0,23.0,162.0,7.0,40.0,61.0,9.0,5.0,11.0,51.0,78.0,29.0,65.0,76.0,35.0,34.0,35.0,22.0,35.0,45.0,31.0,66.0,45.0,39.0,41.0,37.0,26.0,28.0,44.0,45.0,46.0,42.0,24.0,42.0,51.0,42.0,34.0,46.0,31.0,50.0,75.0,46.0,44.0,23.0,43.0,60.0,32.0,44.0,33.0,42.0,32.0,109.0,36.0,53.0,63.0,38.0,46.0,58.0,52.0,47.0,57.0,65.0,26.0,51.0,35.0,30.0,31.0,30.0,41.0,43.0,67.0,41.0,77.0,50.0,37.0,61.0,67.0,63.0,69.0,52.0,25.0,52.0,31.0,42.0,44.0,35.0,36.0,32.0,34.0,33.0,49.0,37.0,38.0,41.0,29.0,24.0,22.0,16.0,25.0,36.0,30.0,31.0,40.0,20.0,35.0,31.0,30.0,28.0,34.0,30.0,27.0,40.0,30.0,23.0,23.0,312.0,269.0,336.0,354.0,inf,inf,inf,inf,inf,inf,inf,inf,inf,inf,inf,inf,inf,inf,inf,inf,inf,inf,inf,inf,inf,inf,inf,inf,inf,inf,inf,inf,inf,inf,inf,inf,inf,inf,inf,inf,inf,inf,inf,inf,inf,inf,inf,inf,inf,inf,inf,inf,inf,inf,inf,inf,inf,inf,inf,inf,inf,inf,inf,inf,inf,inf,inf,inf,inf,inf,inf,inf,inf,inf,inf,inf,inf,inf,inf,inf,inf,inf,inf,inf,inf,inf,inf,inf,inf,inf,inf,inf,inf,inf,inf,inf,inf,inf,inf,inf,inf,inf,inf,inf,inf,inf,inf,inf,inf,inf,inf,inf,inf,inf,inf,inf,inf,inf,inf,inf,inf,inf,inf,inf,inf,inf,inf,inf,inf,inf,inf,inf,inf,inf,inf,inf,inf,inf,inf,inf,inf,inf,inf,inf,inf,inf,inf,inf,inf,inf,inf,inf,inf,inf,inf,inf,inf,inf,inf,inf,inf,inf,inf,inf,inf,inf,inf,inf,inf,inf,inf,inf,inf,inf,inf,inf,inf,inf,inf,inf,inf,inf,inf,inf,inf,inf,inf,inf,inf,inf,inf,inf,inf,inf,inf,inf,inf,inf,inf,inf,inf,inf,inf,inf,inf,inf,inf,inf,inf,inf,inf,inf,inf,inf,inf,inf,inf,inf,inf,inf,inf,inf,inf,inf,inf,inf,inf,inf,inf,inf,inf,inf,inf,inf,inf,inf,inf,inf,inf,inf,inf,inf,inf,inf,inf,inf,inf,inf,inf,inf,inf,inf,inf,inf,inf,inf,inf,inf,inf,inf,inf,inf,inf,inf,inf,inf,inf,inf,inf,inf,inf,inf,inf,inf,inf,inf,inf,inf,inf,inf,inf,inf,inf,inf,inf,inf,inf,inf,inf,inf,inf,inf,inf,inf,inf,inf,inf,inf,inf,inf,inf,inf,inf,inf
14,2025-11-13,7,5.0,9.0,81.0,7.0,31.0,79.0,1.0,18.0,3.0,41.0,3.0,69.0,67.0,94.0,48.0,12.0,50.0,14.0,49.0,30.0,57.0,6.0,4.0,8.0,33.0,40.0,12.0,14.0,9.0,81.0,97.0,23.0,8.0,54.0,3.0,110.0,23.0,32.0,21.0,13.0,165.0,9.0,17.0,24.0,4.0,6.0,16.0,16.0,5.0,149.0,8.0,11.0,8.0,81.0,97.0,47.0,26.0,30.0,6.0,30.0,10.0,5.0,59.0,50.0,16.0,52.0,5.0,3.0,34.0,26.0,22.0,10.0,19.0,168.0,18.0,35.0,31.0,57.0,8.0,112.0,7.0,73.0,5.0,56.0,67.0,4.0,23.0,162.0,7.0,40.0,61.0,9.0,5.0,11.0,51.0,78.0,29.0,65.0,76.0,35.0,34.0,35.0,22.0,35.0,45.0,31.0,66.0,45.0,39.0,41.0,37.0,26.0,28.0,44.0,45.0,46.0,42.0,24.0,42.0,51.0,42.0,34.0,46.0,31.0,50.0,75.0,46.0,44.0,23.0,43.0,60.0,32.0,44.0,33.0,42.0,32.0,109.0,36.0,53.0,63.0,38.0,46.0,58.0,52.0,47.0,57.0,65.0,26.0,51.0,35.0,30.0,31.0,30.0,41.0,43.0,67.0,41.0,77.0,50.0,37.0,61.0,67.0,63.0,69.0,52.0,25.0,52.0,31.0,42.0,44.0,35.0,36.0,32.0,34.0,33.0,49.0,37.0,38.0,41.0,29.0,24.0,22.0,16.0,25.0,36.0,30.0,31.0,40.0,20.0,35.0,31.0,30.0,28.0,34.0,30.0,27.0,40.0,30.0,23.0,23.0,312.0,269.0,336.0,354.0,inf,inf,inf,inf,inf,inf,inf,inf,inf,inf,inf,inf,inf,inf,inf,inf,inf,inf,inf,inf,inf,inf,inf,inf,inf,inf,inf,inf,inf,inf,inf,inf,inf,inf,inf,inf,inf,inf,inf,inf,inf,inf,inf,inf,inf,inf,inf,inf,inf,inf,inf,inf,inf,inf,inf,inf,inf,inf,inf,inf,inf,inf,inf,inf,inf,inf,inf,inf,inf,inf,inf,inf,inf,inf,inf,inf,inf,inf,inf,inf,inf,inf,inf,inf,inf,inf,inf,inf,inf,inf,inf,inf,inf,inf,inf,inf,inf,inf,inf,inf,inf,inf,inf,inf,inf,inf,inf,inf,inf,inf,inf,inf,inf,inf,inf,inf,inf,inf,inf,inf,inf,inf,inf,inf,inf,inf,inf,inf,inf,inf,inf,inf,inf,inf,inf,inf,inf,inf,inf,inf,inf,inf,inf,inf,inf,inf,inf,inf,inf,inf,inf,inf,inf,inf,inf,inf,inf,inf,inf,inf,inf,inf,inf,inf,inf,inf,inf,inf,inf,inf,inf,inf,inf,inf,inf,inf,inf,inf,inf,inf,inf,inf,inf,inf,inf,inf,inf,inf,inf,inf,inf,inf,inf,inf,inf,inf,inf,inf,inf,inf,inf,inf,inf,inf,inf,inf,inf,inf,inf,inf,inf,inf,inf,inf,inf,inf,inf,inf,inf,inf,inf,inf,inf,inf,inf,inf,inf,inf,inf,inf,inf,inf,inf,inf,inf,inf,inf,inf,inf,inf,inf,inf,inf,inf,inf,inf,inf,inf,inf,inf,inf,inf,inf,inf,inf,inf,inf,inf,inf,inf,inf,inf,inf,inf,inf,inf,inf,inf,inf,inf,inf,inf,inf,inf,inf,inf,inf,inf,inf,inf,inf,inf,inf,inf,inf,inf,inf,inf,inf,inf,inf,inf,inf,inf,inf,inf,inf,inf,inf,inf
15,2025-11-15,7,5.0,9.0,81.0,7.0,31.0,79.0,1.0,18.0,3.0,41.0,3.0,69.0,67.0,94.0,48.0,12.0,50.0,14.0,49.0,30.0,57.0,6.0,4.0,8.0,33.0,40.0,12.0,14.0,9.0,81.0,97.0,23.0,8.0,54.0,3.0,110.0,23.0,32.0,21.0,13.0,165.0,9.0,17.0,24.0,4.0,6.0,16.0,16.0,5.0,149.0,8.0,11.0,8.0,81.0,97.0,47.0,26.0,30.0,6.0,30.0,10.0,5.0,59.0,50.0,16.0,52.0,5.0,3.0,34.0,26.0,22.0,10.0,19.0,168.0,18.0,35.0,31.0,57.0,8.0,112.0,7.0,73.0,5.0,56.0,67.0,4.0,23.0,162.0,7.0,40.0,61.0,9.0,5.0,11.0,51.0,78.0,29.0,65.0,76.0,35.0,34.0,35.0,22.0,35.0,45.0,31.0,66.0,45.0,39.0,41.0,37.0,26.0,28.0,44.0,45.0,46.0,42.0,24.0,42.0,51.0,42.0,34.0,46.0,31.0,50.0,75.0,46.0,44.0,23.0,43.0,60.0,32.0,44.0,33.0,42.0,32.0,109.0,36.0,53.0,63.0,38.0,46.0,58.0,52.0,47.0,57.0,65.0,26.0,51.0,35.0,30.0,31.0,30.0,41.0,43.0,67.0,41.0,77.0,50.0,37.0,61.0,67.0,63.0,69.0,52.0,25.0,52.0,31.0,42.0,44.0,35.0,36.0,32.0,34.0,33.0,49.0,37.0,38.0,41.0,29.0,24.0,22.0,16.0,25.0,36.0,30.0,31.0,40.0,20.0,35.0,31.0,30.0,28.0,34.0,30.0,27.0,40.0,30.0,23.0,23.0,312.0,269.0,336.0,354.0,inf,inf,inf,inf,inf,inf,inf,inf,inf,inf,inf,inf,inf,inf,inf,inf,inf,inf,inf,inf,inf,inf,inf,inf,inf,inf,inf,inf,inf,inf,inf,inf,inf,inf,inf,inf,inf,inf,inf,inf,inf,inf,inf,inf,inf,inf,inf,inf,inf,inf,inf,inf,inf,inf,inf,inf,inf,inf,inf,inf,inf,inf,inf,inf,inf,inf,inf,inf,inf,inf,inf,inf,inf,inf,inf,inf,inf,inf,inf,inf,inf,inf,inf,inf,inf,inf,inf,inf,inf,inf,inf,inf,inf,inf,inf,inf,inf,inf,inf,inf,inf,inf,inf,inf,inf,inf,inf,inf,inf,inf,inf,inf,inf,inf,inf,inf,inf,inf,inf,inf,inf,inf,inf,inf,inf,inf,inf,inf,inf,inf,inf,inf,inf,inf,inf,inf,inf,inf,inf,inf,inf,inf,inf,inf,inf,inf,inf,inf,inf,inf,inf,inf,inf,inf,inf,inf,inf,inf,inf,inf,inf,inf,inf,inf,inf,inf,inf,inf,inf,inf,inf,inf,inf,inf,inf,inf,inf,inf,inf,inf,inf,inf,inf,inf,inf,inf,inf,inf,inf,inf,inf,inf,inf,inf,inf,inf,inf,inf,inf,inf,inf,inf,inf,inf,inf,inf,inf,inf,inf,inf,inf,inf,inf,inf,inf,inf,inf,inf,inf,inf,inf,inf,inf,inf,inf,inf,inf,inf,inf,inf,inf,inf,inf,inf,inf,inf,inf,inf,inf,inf,inf,inf,inf,inf,inf,inf,inf,inf,inf,inf,inf,inf,inf,inf,inf,inf,inf,inf,inf,inf,inf,inf,inf,inf,inf,inf,inf,inf,inf,inf,inf,inf,inf,inf,inf,inf,inf,inf,inf,inf,inf,inf,inf,inf,inf,inf,inf,inf,inf,inf,inf,inf,inf,inf,inf,inf,inf,inf,inf,inf
16,2025-11-16,7,5.0,9.0,81.0,7.0,31.0,79.0,1.0,18.0,3.0,41.0,3.0,69.0,67.0,94.0,48.0,12.0,50.0,14.0,49.0,30.0,57.0,6.0,4.0,8.0,33.0,40.0,12.0,14.0,9.0,81.0,97.0,23.0,8.0,54.0,3.0,110.0,23.0,32.0,21.0,13.0,165.0,9.0,17.0,24.0,4.0,6.0,16.0,16.0,5.0,149.0,8.0,11.0,8.0,81.0,97.0,47.0,26.0,30.0,6.0,30.0,10.0,5.0,59.0,50.0,16.0,52.0,5.0,3.0,34.0,26.0,22.0,10.0,19.0,168.0,18.0,35.0,31.0,57.0,8.0,112.0,7.0,73.0,5.0,56.0,67.0,4.0,23.0,162.0,7.0,40.0,61.0,9.0,5.0,11.0,51.0,78.0,29.0,65.0,76.0,35.0,34.0,35.0,22.0,35.0,45.0,31.0,66.0,45.0,39.0,41.0,37.0,26.0,28.0,44.0,45.0,46.0,42.0,24.0,42.0,51.0,42.0,34.0,46.0,31.0,50.0,75.0,46.0,44.0,23.0,43.0,60.0,32.0,44.0,33.0,42.0,32.0,109.0,36.0,53.0,63.0,38.0,46.0,58.0,52.0,47.0,57.0,65.0,26.0,51.0,35.0,30.0,31.0,30.0,41.0,43.0,67.0,41.0,77.0,50.0,37.0,61.0,67.0,63.0,69.0,52.0,25.0,52.0,31.0,42.0,44.0,35.0,36.0,32.0,34.0,33.0,49.0,37.0,38.0,41.0,29.0,24.0,22.0,16.0,25.0,36.0,30.0,31.0,40.0,20.0,35.0,31.0,30.0,28.0,34.0,30.0,27.0,40.0,30.0,23.0,23.0,312.0,269.0,336.0,354.0,inf,inf,inf,inf,inf,inf,inf,inf,inf,inf,inf,inf,inf,inf,inf,inf,inf,inf,inf,inf,inf,inf,inf,inf,inf,inf,inf,inf,inf,inf,inf,inf,inf,inf,inf,inf,inf,inf,inf,inf,inf,inf,inf,inf,inf,inf,inf,inf,inf,inf,inf,inf,inf,inf,inf,inf,inf,inf,inf,inf,inf,inf,inf,inf,inf,inf,inf,inf,inf,inf,inf,inf,inf,inf,inf,inf,inf,inf,inf,inf,inf,inf,inf,inf,inf,inf,inf,inf,inf,inf,inf,inf,inf,inf,inf,inf,inf,inf,inf,inf,inf,inf,inf,inf,inf,inf,inf,inf,inf,inf,inf,inf,inf,inf,inf,inf,inf,inf,inf,inf,inf,inf,inf,inf,inf,inf,inf,inf,inf,inf,inf,inf,inf,inf,inf,inf,inf,inf,inf,inf,inf,inf,inf,inf,inf,inf,inf,inf,inf,inf,inf,inf,inf,inf,inf,inf,inf,inf,inf,inf,inf,inf,inf,inf,inf,inf,inf,inf,inf,inf,inf,inf,inf,inf,inf,inf,inf,inf,inf,inf,inf,inf,inf,inf,inf,inf,inf,inf,inf,inf,inf,inf,inf,inf,inf,inf,inf,inf,inf,inf,inf,inf,inf,inf,inf,inf,inf,inf,inf,inf,inf,inf,inf,inf,inf,inf,inf,inf,inf,inf,inf,inf,inf,inf,inf,inf,inf,inf,inf,inf,inf,inf,inf,inf,inf,inf,inf,inf,inf,inf,inf,inf,inf,inf,inf,inf,inf,inf,inf,inf,inf,inf,inf,inf,inf,inf,inf,inf,inf,inf,inf,inf,inf,inf,inf,inf,inf,inf,inf,inf,inf,inf,inf,inf,inf,inf,inf,inf,inf,inf,inf,inf,inf,inf,inf,inf,inf,inf,inf,inf,inf,inf,inf,inf,inf,inf,inf,inf,inf,inf
17,2025-11-17,7,5.0,9.0,81.0,7.0,31.0,79.0,1.0,18.0,3.0,41.0,3.0,69.0,67.0,94.0,48.0,12.0,50.0,14.0,49.0,30.0,57.0,6.0,4.0,8.0,33.0,40.0,12.0,14.0,9.0,81.0,97.0,23.0,8.0,54.0,3.0,110.0,23.0,32.0,21.0,13.0,165.0,9.0,17.0,24.0,4.0,6.0,16.0,16.0,5.0,149.0,8.0,11.0,8.0,81.0,97.0,47.0,26.0,30.0,6.0,30.0,10.0,5.0,59.0,50.0,16.0,52.0,5.0,3.0,34.0,26.0,22.0,10.0,19.0,168.0,18.0,35.0,31.0,57.0,8.0,112.0,7.0,73.0,5.0,56.0,67.0,4.0,23.0,162.0,7.0,40.0,61.0,9.0,5.0,11.0,51.0,78.0,29.0,65.0,76.0,35.0,34.0,35.0,22.0,35.0,45.0,31.0,66.0,45.0,39.0,41.0,37.0,26.0,28.0,44.0,45.0,46.0,42.0,24.0,42.0,51.0,42.0,34.0,46.0,31.0,50.0,75.0,46.0,44.0,23.0,43.0,60.0,32.0,44.0,33.0,42.0,32.0,109.0,36.0,53.0,63.0,38.0,46.0,58.0,52.0,47.0,57.0,65.0,26.0,51.0,35.0,30.0,31.0,30.0,41.0,43.0,67.0,41.0,77.0,50.0,37.0,61.0,67.0,63.0,69.0,52.0,25.0,52.0,31.0,42.0,44.0,35.0,36.0,32.0,34.0,33.0,49.0,37.0,38.0,41.0,29.0,24.0,22.0,16.0,25.0,36.0,30.0,31.0,40.0,20.0,35.0,31.0,30.0,28.0,34.0,30.0,27.0,40.0,30.0,23.0,23.0,312.0,269.0,336.0,354.0,inf,inf,inf,inf,inf,inf,inf,inf,inf,inf,inf,inf,inf,inf,inf,inf,inf,inf,inf,inf,inf,inf,inf,inf,inf,inf,inf,inf,inf,inf,inf,inf,inf,inf,inf,inf,inf,inf,inf,inf,inf,inf,inf,inf,inf,inf,inf,inf,inf,inf,inf,inf,inf,inf,inf,inf,inf,inf,inf,inf,inf,inf,inf,inf,inf,inf,inf,inf,inf,inf,inf,inf,inf,inf,inf,inf,inf,inf,inf,inf,inf,inf,inf,inf,inf,inf,inf,inf,inf,inf,inf,inf,inf,inf,inf,inf,inf,inf,inf,inf,inf,inf,inf,inf,inf,inf,inf,inf,inf,inf,inf,inf,inf,inf,inf,inf,inf,inf,inf,inf,inf,inf,inf,inf,inf,inf,inf,inf,inf,inf,inf,inf,inf,inf,inf,inf,inf,inf,inf,inf,inf,inf,inf,inf,inf,inf,inf,inf,inf,inf,inf,inf,inf,inf,inf,inf,inf,inf,inf,inf,inf,inf,inf,inf,inf,inf,inf,inf,inf,inf,inf,inf,inf,inf,inf,inf,inf,inf,inf,inf,inf,inf,inf,inf,inf,inf,inf,inf,inf,inf,inf,inf,inf,inf,inf,inf,inf,inf,inf,inf,inf,inf,inf,inf,inf,inf,inf,inf,inf,inf,inf,inf,inf,inf,inf,inf,inf,inf,inf,inf,inf,inf,inf,inf,inf,inf,inf,inf,inf,inf,inf,inf,inf,inf,inf,inf,inf,inf,inf,inf,inf,inf,inf,inf,inf,inf,inf,inf,inf,inf,inf,inf,inf,inf,inf,inf,inf,inf,inf,inf,inf,inf,inf,inf,inf,inf,inf,inf,inf,inf,inf,inf,inf,inf,inf,inf,inf,inf,inf,inf,inf,inf,inf,inf,inf,inf,inf,inf,inf,inf,inf,inf,inf,inf,inf,inf,inf,inf,inf,inf
18,2025-11-19,7,5.0,9.0,81.0,7.0,31.0,79.0,1.0,18.0,3.0,41.0,3.0,69.0,67.0,94.0,48.0,12.0,50.0,14.0,49.0,30.0,57.0,6.0,4.0,8.0,33.0,40.0,12.0,14.0,9.0,81.0,97.0,23.0,8.0,54.0,3.0,110.0,23.0,32.0,21.0,13.0,165.0,9.0,17.0,24.0,4.0,6.0,16.0,16.0,5.0,149.0,8.0,11.0,8.0,81.0,97.0,47.0,26.0,30.0,6.0,30.0,10.0,5.0,59.0,50.0,16.0,52.0,5.0,3.0,34.0,26.0,22.0,10.0,19.0,168.0,18.0,35.0,31.0,57.0,8.0,112.0,7.0,73.0,5.0,56.0,67.0,4.0,23.0,162.0,7.0,40.0,61.0,9.0,5.0,11.0,51.0,78.0,29.0,65.0,76.0,35.0,34.0,35.0,22.0,35.0,45.0,31.0,66.0,45.0,39.0,41.0,37.0,26.0,28.0,44.0,45.0,46.0,42.0,24.0,42.0,51.0,42.0,34.0,46.0,31.0,50.0,75.0,46.0,44.0,23.0,43.0,60.0,32.0,44.0,33.0,42.0,32.0,109.0,36.0,53.0,63.0,38.0,46.0,58.0,52.0,47.0,57.0,65.0,26.0,51.0,35.0,30.0,31.0,30.0,41.0,43.0,67.0,41.0,77.0,50.0,37.0,61.0,67.0,63.0,69.0,52.0,25.0,52.0,31.0,42.0,44.0,35.0,36.0,32.0,34.0,33.0,49.0,37.0,38.0,41.0,29.0,24.0,22.0,16.0,25.0,36.0,30.0,31.0,40.0,20.0,35.0,31.0,30.0,28.0,34.0,30.0,27.0,40.0,30.0,23.0,23.0,312.0,269.0,336.0,354.0,inf,inf,inf,inf,inf,inf,inf,inf,inf,inf,inf,inf,inf,inf,inf,inf,inf,inf,inf,inf,inf,inf,inf,inf,inf,inf,inf,inf,inf,inf,inf,inf,inf,inf,inf,inf,inf,inf,inf,inf,inf,inf,inf,inf,inf,inf,inf,inf,inf,inf,inf,inf,inf,inf,inf,inf,inf,inf,inf,inf,inf,inf,inf,inf,inf,inf,inf,inf,inf,inf,inf,inf,inf,inf,inf,inf,inf,inf,inf,inf,inf,inf,inf,inf,inf,inf,inf,inf,inf,inf,inf,inf,inf,inf,inf,inf,inf,inf,inf,inf,inf,inf,inf,inf,inf,inf,inf,inf,inf,inf,inf,inf,inf,inf,inf,inf,inf,inf,inf,inf,inf,inf,inf,inf,inf,inf,inf,inf,inf,inf,inf,inf,inf,inf,inf,inf,inf,inf,inf,inf,inf,inf,inf,inf,inf,inf,inf,inf,inf,inf,inf,inf,inf,inf,inf,inf,inf,inf,inf,inf,inf,inf,inf,inf,inf,inf,inf,inf,inf,inf,inf,inf,inf,inf,inf,inf,inf,inf,inf,inf,inf,inf,inf,inf,inf,inf,inf,inf,inf,inf,inf,inf,inf,inf,inf,inf,inf,inf,inf,inf,inf,inf,inf,inf,inf,inf,inf,inf,inf,inf,inf,inf,inf,inf,inf,inf,inf,inf,inf,inf,inf,inf,inf,inf,inf,inf,inf,inf,inf,inf,inf,inf,inf,inf,inf,inf,inf,inf,inf,inf,inf,inf,inf,inf,inf,inf,inf,inf,inf,inf,inf,inf,inf,inf,inf,inf,inf,inf,inf,inf,inf,inf,inf,inf,inf,inf,inf,inf,inf,inf,inf,inf,inf,inf,inf,inf,inf,inf,inf,inf,inf,inf,inf,inf,inf,inf,inf,inf,inf,inf,inf,inf,inf,inf,inf,inf,inf,inf,inf,inf
19,2025-11-21,7,5.0,9.0,81.0,7.0,31.0,79.0,1.0,18.0,3.0,41.0,3.0,69.0,67.0,94.0,48.0,12.0,50.0,14.0,49.0,30.0,57.0,6.0,4.0,8.0,30.0,40.0,12.0,14.0,9.0,81.0,97.0,23.0,8.0,54.0,3.0,110.0,23.0,32.0,16.0,13.0,165.0,9.0,16.0,24.0,4.0,6.0,16.0,16.0,5.0,149.0,7.0,10.0,8.0,81.0,97.0,47.0,26.0,30.0,6.0,30.0,10.0,5.0,59.0,50.0,16.0,52.0,5.0,3.0,34.0,26.0,22.0,10.0,16.0,168.0,18.0,35.0,31.0,57.0,8.0,112.0,7.0,70.0,5.0,56.0,67.0,4.0,23.0,162.0,7.0,40.0,61.0,9.0,5.0,11.0,51.0,78.0,29.0,65.0,76.0,35.0,34.0,35.0,22.0,35.0,45.0,31.0,66.0,45.0,39.0,41.0,37.0,26.0,28.0,44.0,45.0,46.0,42.0,24.0,42.0,51.0,42.0,33.0,46.0,30.0,50.0,75.0,46.0,44.0,23.0,43.0,60.0,32.0,43.0,33.0,42.0,32.0,109.0,35.0,53.0,63.0,38.0,46.0,58.0,52.0,47.0,57.0,65.0,26.0,51.0,35.0,29.0,31.0,30.0,41.0,43.0,67.0,41.0,77.0,50.0,37.0,61.0,67.0,63.0,69.0,52.0,25.0,52.0,31.0,38.0,44.0,35.0,36.0,32.0,34.0,31.0,49.0,37.0,38.0,40.0,29.0,24.0,22.0,15.0,25.0,36.0,30.0,31.0,40.0,20.0,35.0,31.0,30.0,28.0,34.0,30.0,27.0,40.0,30.0,23.0,23.0,298.0,269.0,336.0,352.0,779.0,inf,839.0,inf,inf,inf,inf,inf,inf,inf,inf,inf,inf,inf,inf,inf,inf,inf,inf,inf,inf,inf,inf,inf,inf,inf,inf,inf,inf,inf,inf,inf,inf,inf,inf,inf,inf,inf,inf,inf,inf,inf,inf,inf,inf,inf,inf,inf,inf,inf,inf,inf,inf,inf,inf,inf,inf,inf,inf,inf,inf,inf,inf,inf,inf,inf,inf,inf,inf,inf,inf,inf,inf,inf,inf,inf,inf,inf,inf,inf,inf,inf,inf,inf,inf,inf,inf,inf,inf,inf,inf,inf,inf,inf,inf,inf,inf,inf,inf,inf,inf,inf,inf,inf,inf,inf,inf,inf,inf,inf,inf,inf,inf,inf,inf,inf,inf,inf,inf,inf,inf,inf,inf,inf,inf,inf,inf,inf,inf,inf,inf,inf,inf,inf,inf,inf,inf,inf,inf,inf,inf,inf,inf,inf,inf,inf,inf,inf,inf,inf,inf,inf,inf,inf,inf,inf,inf,inf,inf,inf,inf,inf,inf,inf,inf,inf,inf,inf,inf,inf,inf,inf,inf,inf,inf,inf,inf,inf,inf,inf,inf,inf,inf,inf,inf,inf,inf,inf,inf,inf,inf,inf,inf,inf,inf,inf,inf,inf,inf,inf,inf,inf,inf,inf,inf,inf,inf,inf,inf,inf,inf,inf,inf,inf,inf,inf,inf,inf,inf,inf,inf,inf,inf,inf,inf,inf,inf,inf,inf,inf,inf,inf,inf,inf,inf,inf,inf,inf,inf,inf,inf,inf,inf,inf,inf,inf,inf,inf,inf,inf,inf,inf,inf,inf,inf,inf,inf,inf,inf,inf,inf,inf,inf,inf,inf,inf,inf,inf,inf,inf,inf,inf,inf,inf,inf,inf,inf,inf,inf,inf,inf,inf,inf,inf,inf,inf,inf,inf,inf,inf,inf,inf,inf,inf,inf,inf,inf,inf,inf,inf
20,2025-11-22,7,5.0,9.0,81.0,7.0,31.0,79.0,1.0,18.0,3.0,41.0,3.0,69.0,67.0,94.0,48.0,12.0,50.0,14.0,49.0,30.0,57.0,6.0,4.0,8.0,30.0,40.0,12.0,14.0,9.0,81.0,97.0,23.0,8.0,54.0,3.0,110.0,23.0,32.0,16.0,13.0,165.0,9.0,16.0,24.0,4.0,6.0,16.0,16.0,5.0,149.0,7.0,10.0,8.0,81.0,97.0,47.0,26.0,30.0,6.0,30.0,10.0,5.0,59.0,50.0,16.0,52.0,5.0,3.0,34.0,26.0,22.0,10.0,16.0,168.0,18.0,35.0,31.0,57.0,8.0,112.0,7.0,70.0,5.0,56.0,67.0,4.0,23.0,162.0,7.0,40.0,61.0,9.0,5.0,11.0,51.0,78.0,29.0,65.0,76.0,35.0,34.0,35.0,22.0,35.0,45.0,31.0,66.0,45.0,39.0,41.0,37.0,26.0,28.0,44.0,45.0,46.0,42.0,24.0,42.0,51.0,42.0,33.0,46.0,30.0,50.0,75.0,46.0,44.0,23.0,43.0,60.0,32.0,43.0,33.0,42.0,32.0,109.0,35.0,53.0,63.0,38.0,46.0,58.0,52.0,47.0,57.0,65.0,26.0,51.0,35.0,29.0,31.0,30.0,41.0,43.0,67.0,41.0,77.0,50.0,37.0,61.0,67.0,63.0,69.0,52.0,25.0,52.0,31.0,38.0,44.0,35.0,36.0,32.0,34.0,31.0,49.0,37.0,38.0,40.0,29.0,24.0,22.0,15.0,25.0,36.0,30.0,31.0,40.0,20.0,35.0,31.0,30.0,28.0,34.0,30.0,27.0,40.0,30.0,23.0,23.0,298.0,266.0,336.0,352.0,779.0,inf,839.0,1280.0,898.0,inf,inf,371.0,371.0,inf,inf,inf,inf,inf,inf,inf,inf,inf,inf,inf,inf,inf,inf,inf,inf,inf,inf,inf,inf,inf,inf,inf,inf,inf,inf,inf,inf,inf,inf,inf,inf,inf,inf,inf,inf,inf,inf,inf,inf,inf,inf,inf,inf,inf,inf,inf,inf,inf,inf,inf,inf,inf,inf,inf,inf,inf,inf,inf,inf,inf,inf,inf,inf,inf,inf,inf,inf,inf,inf,inf,inf,inf,inf,inf,inf,inf,inf,inf,inf,inf,inf,inf,inf,inf,inf,inf,inf,inf,inf,inf,inf,inf,inf,inf,inf,inf,inf,inf,inf,inf,inf,inf,inf,inf,inf,inf,inf,inf,inf,inf,inf,inf,inf,inf,inf,inf,inf,inf,inf,inf,inf,inf,inf,inf,inf,inf,inf,inf,inf,inf,inf,inf,inf,inf,inf,inf,inf,inf,inf,inf,inf,inf,inf,inf,inf,inf,inf,inf,inf,inf,inf,inf,inf,inf,inf,inf,inf,inf,inf,inf,inf,inf,inf,inf,inf,inf,inf,inf,inf,inf,inf,inf,inf,inf,inf,inf,inf,inf,inf,inf,inf,inf,inf,inf,inf,inf,inf,inf,inf,inf,inf,inf,inf,inf,inf,inf,inf,inf,inf,inf,inf,inf,inf,inf,inf,inf,inf,inf,inf,inf,inf,inf,inf,inf,inf,inf,inf,inf,inf,inf,inf,inf,inf,inf,inf,inf,inf,inf,inf,inf,inf,inf,inf,inf,inf,inf,inf,inf,inf,inf,inf,inf,inf,inf,inf,inf,inf,inf,inf,inf,inf,inf,inf,inf,inf,inf,inf,inf,inf,inf,inf,inf,inf,inf,inf,inf,inf,inf,inf,inf,inf,inf,inf,inf,inf,inf,inf,inf,inf,inf,inf,inf,inf,inf,inf,inf,inf,inf,inf,inf
21,2025-11-23,7,5.0,9.0,81.0,7.0,31.0,79.0,1.0,18.0,3.0,41.0,3.0,69.0,67.0,94.0,48.0,12.0,50.0,14.0,49.0,30.0,57.0,6.0,4.0,8.0,30.0,40.0,12.0,14.0,9.0,81.0,97.0,23.0,8.0,54.0,3.0,110.0,23.0,32.0,16.0,13.0,165.0,9.0,16.0,24.0,4.0,6.0,16.0,16.0,5.0,149.0,7.0,10.0,8.0,81.0,97.0,47.0,26.0,30.0,6.0,30.0,10.0,5.0,59.0,50.0,16.0,52.0,5.0,3.0,34.0,26.0,22.0,10.0,16.0,168.0,18.0,35.0,31.0,57.0,8.0,112.0,7.0,70.0,5.0,56.0,67.0,4.0,23.0,162.0,7.0,40.0,61.0,9.0,5.0,11.0,51.0,78.0,29.0,65.0,76.0,35.0,34.0,35.0,22.0,35.0,45.0,31.0,66.0,45.0,39.0,41.0,37.0,26.0,28.0,44.0,45.0,46.0,42.0,24.0,42.0,51.0,42.0,33.0,46.0,30.0,50.0,75.0,46.0,44.0,23.0,43.0,60.0,32.0,43.0,33.0,42.0,32.0,109.0,35.0,53.0,63.0,38.0,46.0,58.0,52.0,47.0,57.0,65.0,26.0,51.0,35.0,29.0,31.0,30.0,41.0,43.0,67.0,41.0,77.0,50.0,37.0,61.0,67.0,63.0,69.0,52.0,25.0,52.0,31.0,38.0,44.0,35.0,36.0,32.0,34.0,31.0,49.0,37.0,38.0,40.0,29.0,24.0,22.0,15.0,25.0,36.0,30.0,31.0,40.0,20.0,35.0,31.0,30.0,28.0,34.0,30.0,27.0,40.0,30.0,23.0,23.0,298.0,266.0,336.0,352.0,779.0,inf,839.0,1280.0,898.0,inf,947.0,371.0,371.0,962.0,1390.0,967.0,inf,inf,inf,inf,inf,inf,inf,inf,inf,inf,inf,inf,inf,inf,inf,inf,inf,inf,inf,inf,inf,inf,inf,inf,inf,inf,inf,inf,inf,inf,inf,inf,inf,inf,inf,inf,inf,inf,inf,inf,inf,inf,inf,inf,inf,inf,inf,inf,inf,inf,inf,inf,inf,inf,inf,inf,inf,inf,inf,inf,inf,inf,inf,inf,inf,inf,inf,inf,inf,inf,inf,inf,inf,inf,inf,inf,inf,inf,inf,inf,inf,inf,inf,inf,inf,inf,inf,inf,inf,inf,inf,inf,inf,inf,inf,inf,inf,inf,inf,inf,inf,inf,inf,inf,inf,inf,inf,inf,inf,inf,inf,inf,inf,inf,inf,inf,inf,inf,inf,inf,inf,inf,inf,inf,inf,inf,inf,inf,inf,inf,inf,inf,inf,inf,inf,inf,inf,inf,inf,inf,inf,inf,inf,inf,inf,inf,inf,inf,inf,inf,inf,inf,inf,inf,inf,inf,inf,inf,inf,inf,inf,inf,inf,inf,inf,inf,inf,inf,inf,inf,inf,inf,inf,inf,inf,inf,inf,inf,inf,inf,inf,inf,inf,inf,inf,inf,inf,inf,inf,inf,inf,inf,inf,inf,inf,inf,inf,inf,inf,inf,inf,inf,inf,inf,inf,inf,inf,inf,inf,inf,inf,inf,inf,inf,inf,inf,inf,inf,inf,inf,inf,inf,inf,inf,inf,inf,inf,inf,inf,inf,inf,inf,inf,inf,inf,inf,inf,inf,inf,inf,inf,inf,inf,inf,inf,inf,inf,inf,inf,inf,inf,inf,inf,inf,inf,inf,inf,inf,inf,inf,inf,inf,inf,inf,inf,inf,inf,inf,inf,inf,inf,inf,inf,inf,inf,inf,inf,inf,inf,inf,inf,inf,inf,inf,inf,inf,inf,inf
22,2025-11-24,7,5.0,9.0,81.0,7.0,31.0,79.0,1.0,18.0,3.0,41.0,3.0,69.0,67.0,94.0,48.0,12.0,50.0,14.0,49.0,30.0,57.0,6.0,4.0,8.0,30.0,40.0,12.0,14.0,9.0,81.0,97.0,23.0,8.0,54.0,3.0,110.0,23.0,32.0,16.0,13.0,165.0,9.0,16.0,24.0,4.0,6.0,16.0,16.0,5.0,149.0,7.0,10.0,8.0,81.0,97.0,47.0,26.0,30.0,6.0,30.0,10.0,5.0,59.0,50.0,16.0,52.0,5.0,3.0,34.0,26.0,22.0,10.0,16.0,168.0,18.0,35.0,31.0,57.0,8.0,112.0,7.0,70.0,5.0,56.0,67.0,4.0,23.0,162.0,7.0,40.0,61.0,9.0,5.0,11.0,51.0,78.0,29.0,65.0,76.0,35.0,34.0,35.0,22.0,35.0,45.0,31.0,66.0,45.0,39.0,41.0,37.0,26.0,28.0,44.0,45.0,46.0,42.0,24.0,42.0,51.0,42.0,33.0,46.0,30.0,50.0,75.0,46.0,44.0,23.0,43.0,60.0,32.0,43.0,33.0,42.0,32.0,109.0,35.0,53.0,63.0,38.0,46.0,58.0,52.0,47.0,57.0,65.0,26.0,51.0,35.0,29.0,31.0,30.0,41.0,43.0,67.0,41.0,77.0,50.0,37.0,61.0,67.0,63.0,69.0,52.0,25.0,52.0,31.0,38.0,44.0,35.0,36.0,32.0,34.0,31.0,49.0,37.0,38.0,40.0,29.0,24.0,22.0,15.0,25.0,36.0,30.0,31.0,40.0,20.0,35.0,31.0,30.0,28.0,34.0,30.0,27.0,40.0,30.0,23.0,23.0,298.0,266.0,336.0,352.0,779.0,inf,839.0,1280.0,898.0,inf,947.0,371.0,371.0,962.0,1390.0,967.0,392.0,698.0,1023.0,426.0,392.0,inf,inf,inf,inf,inf,inf,inf,inf,inf,inf,inf,inf,inf,inf,inf,inf,inf,inf,inf,inf,inf,inf,inf,inf,inf,inf,inf,inf,inf,inf,inf,inf,inf,inf,inf,inf,inf,inf,inf,inf,inf,inf,inf,inf,inf,inf,inf,inf,inf,inf,inf,inf,inf,inf,inf,inf,inf,inf,inf,inf,inf,inf,inf,inf,inf,inf,inf,inf,inf,inf,inf,inf,inf,inf,inf,inf,inf,inf,inf,inf,inf,inf,inf,inf,inf,inf,inf,inf,inf,inf,inf,inf,inf,inf,inf,inf,inf,inf,inf,inf,inf,inf,inf,inf,inf,inf,inf,inf,inf,inf,inf,inf,inf,inf,inf,inf,inf,inf,inf,inf,inf,inf,inf,inf,inf,inf,inf,inf,inf,inf,inf,inf,inf,inf,inf,inf,inf,inf,inf,inf,inf,inf,inf,inf,inf,inf,inf,inf,inf,inf,inf,inf,inf,inf,inf,inf,inf,inf,inf,inf,inf,inf,inf,inf,inf,inf,inf,inf,inf,inf,inf,inf,inf,inf,inf,inf,inf,inf,inf,inf,inf,inf,inf,inf,inf,inf,inf,inf,inf,inf,inf,inf,inf,inf,inf,inf,inf,inf,inf,inf,inf,inf,inf,inf,inf,inf,inf,inf,inf,inf,inf,inf,inf,inf,inf,inf,inf,inf,inf,inf,inf,inf,inf,inf,inf,inf,inf,inf,inf,inf,inf,inf,inf,inf,inf,inf,inf,inf,inf,inf,inf,inf,inf,inf,inf,inf,inf,inf,inf,inf,inf,inf,inf,inf,inf,inf,inf,inf,inf,inf,inf,inf,inf,inf,inf,inf,inf,inf,inf,inf,inf,inf,inf,inf,inf,inf,inf,inf,inf,inf,inf,inf,inf
23,2025-11-26,7,5.0,9.0,81.0,7.0,31.0,79.0,1.0,18.0,3.0,41.0,3.0,69.0,67.0,94.0,48.0,12.0,50.0,14.0,49.0,30.0,57.0,6.0,4.0,8.0,30.0,40.0,12.0,14.0,9.0,81.0,97.0,23.0,8.0,54.0,3.0,110.0,23.0,32.0,16.0,13.0,165.0,9.0,16.0,24.0,4.0,6.0,16.0,16.0,5.0,149.0,7.0,10.0,8.0,81.0,97.0,47.0,26.0,30.0,6.0,30.0,10.0,5.0,59.0,50.0,16.0,52.0,5.0,3.0,34.0,26.0,22.0,10.0,16.0,168.0,18.0,35.0,31.0,57.0,8.0,112.0,7.0,70.0,5.0,56.0,67.0,4.0,23.0,162.0,7.0,40.0,61.0,9.0,5.0,11.0,51.0,78.0,29.0,65.0,76.0,35.0,34.0,35.0,22.0,35.0,45.0,31.0,66.0,45.0,39.0,41.0,37.0,26.0,28.0,44.0,45.0,46.0,42.0,24.0,42.0,51.0,42.0,33.0,46.0,30.0,50.0,75.0,46.0,44.0,23.0,43.0,60.0,32.0,43.0,33.0,42.0,32.0,109.0,35.0,53.0,63.0,38.0,46.0,58.0,52.0,47.0,57.0,65.0,26.0,51.0,35.0,29.0,31.0,30.0,41.0,43.0,67.0,41.0,77.0,50.0,37.0,61.0,67.0,63.0,69.0,52.0,25.0,52.0,31.0,38.0,44.0,35.0,36.0,32.0,34.0,31.0,49.0,37.0,38.0,40.0,29.0,24.0,22.0,15.0,25.0,36.0,30.0,31.0,40.0,20.0,35.0,31.0,30.0,28.0,34.0,30.0,27.0,40.0,30.0,23.0,23.0,298.0,266.0,336.0,352.0,779.0,inf,839.0,1280.0,898.0,inf,947.0,371.0,371.0,962.0,1390.0,967.0,392.0,698.0,1023.0,426.0,392.0,1504.0,403.0,inf,inf,inf,inf,inf,inf,inf,inf,inf,inf,inf,inf,inf,inf,inf,inf,inf,inf,inf,inf,inf,inf,inf,inf,inf,inf,inf,inf,inf,inf,inf,inf,inf,inf,inf,inf,inf,inf,inf,inf,inf,inf,inf,inf,inf,inf,inf,inf,inf,inf,inf,inf,inf,inf,inf,inf,inf,inf,inf,inf,inf,inf,inf,inf,inf,inf,inf,inf,inf,inf,inf,inf,inf,inf,inf,inf,inf,inf,inf,inf,inf,inf,inf,inf,inf,inf,inf,inf,inf,inf,inf,inf,inf,inf,inf,inf,inf,inf,inf,inf,inf,inf,inf,inf,inf,inf,inf,inf,inf,inf,inf,inf,inf,inf,inf,inf,inf,inf,inf,inf,inf,inf,inf,inf,inf,inf,inf,inf,inf,inf,inf,inf,inf,inf,inf,inf,inf,inf,inf,inf,inf,inf,inf,inf,inf,inf,inf,inf,inf,inf,inf,inf,inf,inf,inf,inf,inf,inf,inf,inf,inf,inf,inf,inf,inf,inf,inf,inf,inf,inf,inf,inf,inf,inf,inf,inf,inf,inf,inf,inf,inf,inf,inf,inf,inf,inf,inf,inf,inf,inf,inf,inf,inf,inf,inf,inf,inf,inf,inf,inf,inf,inf,inf,inf,inf,inf,inf,inf,inf,inf,inf,inf,inf,inf,inf,inf,inf,inf,inf,inf,inf,inf,inf,inf,inf,inf,inf,inf,inf,inf,inf,inf,inf,inf,inf,inf,inf,inf,inf,inf,inf,inf,inf,inf,inf,inf,inf,inf,inf,inf,inf,inf,inf,inf,inf,inf,inf,inf,inf,inf,inf,inf,inf,inf,inf,inf,inf,inf,inf,inf,inf,inf,inf,inf,inf,inf,inf,inf,inf,inf,inf
24,2025-11-28,7,5.0,9.0,81.0,7.0,31.0,79.0,1.0,18.0,3.0,41.0,3.0,69.0,67.0,94.0,48.0,12.0,50.0,14.0,49.0,30.0,57.0,6.0,4.0,8.0,30.0,40.0,12.0,14.0,9.0,81.0,97.0,23.0,8.0,54.0,3.0,110.0,23.0,32.0,16.0,13.0,165.0,9.0,16.0,24.0,4.0,6.0,16.0,16.0,5.0,149.0,7.0,10.0,8.0,81.0,97.0,47.0,26.0,30.0,6.0,30.0,10.0,5.0,59.0,50.0,16.0,52.0,5.0,3.0,34.0,26.0,22.0,10.0,16.0,168.0,18.0,35.0,31.0,57.0,8.0,112.0,7.0,70.0,5.0,56.0,67.0,4.0,23.0,162.0,7.0,40.0,61.0,9.0,5.0,11.0,51.0,78.0,29.0,65.0,76.0,35.0,34.0,35.0,22.0,35.0,45.0,31.0,66.0,45.0,39.0,41.0,37.0,26.0,28.0,44.0,45.0,46.0,42.0,24.0,42.0,51.0,42.0,33.0,46.0,30.0,50.0,75.0,46.0,44.0,23.0,43.0,60.0,32.0,43.0,33.0,42.0,32.0,109.0,35.0,53.0,63.0,38.0,46.0,58.0,52.0,47.0,57.0,65.0,26.0,51.0,35.0,29.0,31.0,30.0,41.0,43.0,67.0,41.0,77.0,50.0,37.0,61.0,67.0,63.0,69.0,52.0,25.0,52.0,31.0,38.0,44.0,35.0,36.0,32.0,34.0,31.0,49.0,37.0,38.0,40.0,29.0,24.0,22.0,15.0,25.0,36.0,30.0,31.0,40.0,20.0,35.0,31.0,30.0,28.0,34.0,30.0,27.0,40.0,30.0,23.0,23.0,298.0,266.0,336.0,352.0,779.0,inf,839.0,1280.0,898.0,inf,947.0,371.0,371.0,962.0,1390.0,967.0,392.0,698.0,1023.0,426.0,392.0,1504.0,403.0,457.0,inf,inf,inf,inf,inf,inf,inf,inf,inf,inf,inf,inf,inf,inf,inf,inf,inf,inf,inf,inf,inf,inf,inf,inf,inf,inf,inf,inf,inf,inf,inf,inf,inf,inf,inf,inf,inf,inf,inf,inf,inf,inf,inf,inf,inf,inf,inf,inf,inf,inf,inf,inf,inf,inf,inf,inf,inf,inf,inf,inf,inf,inf,inf,inf,inf,inf,inf,inf,inf,inf,inf,inf,inf,inf,inf,inf,inf,inf,inf,inf,inf,inf,inf,inf,inf,inf,inf,inf,inf,inf,inf,inf,inf,inf,inf,inf,inf,inf,inf,inf,inf,inf,inf,inf,inf,inf,inf,inf,inf,inf,inf,inf,inf,inf,inf,inf,inf,inf,inf,inf,inf,inf,inf,inf,inf,inf,inf,inf,inf,inf,inf,inf,inf,inf,inf,inf,inf,inf,inf,inf,inf,inf,inf,inf,inf,inf,inf,inf,inf,inf,inf,inf,inf,inf,inf,inf,inf,inf,inf,inf,inf,inf,inf,inf,inf,inf,inf,inf,inf,inf,inf,inf,inf,inf,inf,inf,inf,inf,inf,inf,inf,inf,inf,inf,inf,inf,inf,inf,inf,inf,inf,inf,inf,inf,inf,inf,inf,inf,inf,inf,inf,inf,inf,inf,inf,inf,inf,inf,inf,inf,inf,inf,inf,inf,inf,inf,inf,inf,inf,inf,inf,inf,inf,inf,inf,inf,inf,inf,inf,inf,inf,inf,inf,inf,inf,inf,inf,inf,inf,inf,inf,inf,inf,inf,inf,inf,inf,inf,inf,inf,inf,inf,inf,inf,inf,inf,inf,inf,inf,inf,inf,inf,inf,inf,inf,inf,inf,inf,inf,inf,inf,inf,inf,inf,inf,inf,inf,inf,inf,inf
25,2025-11-29,7,5.0,9.0,81.0,7.0,31.0,79.0,1.0,18.0,3.0,41.0,3.0,69.0,67.0,94.0,48.0,12.0,50.0,14.0,49.0,30.0,57.0,6.0,4.0,8.0,30.0,40.0,12.0,14.0,9.0,81.0,97.0,23.0,8.0,54.0,3.0,110.0,23.0,32.0,16.0,13.0,165.0,9.0,16.0,24.0,4.0,6.0,16.0,16.0,5.0,149.0,7.0,10.0,8.0,81.0,97.0,47.0,26.0,30.0,6.0,30.0,10.0,5.0,59.0,50.0,16.0,52.0,5.0,3.0,34.0,26.0,22.0,10.0,16.0,168.0,18.0,35.0,31.0,57.0,8.0,112.0,7.0,70.0,5.0,56.0,67.0,4.0,23.0,162.0,7.0,40.0,61.0,9.0,5.0,11.0,51.0,78.0,29.0,65.0,76.0,35.0,34.0,35.0,22.0,35.0,45.0,31.0,66.0,45.0,39.0,41.0,37.0,26.0,28.0,44.0,45.0,46.0,42.0,24.0,42.0,51.0,42.0,33.0,46.0,30.0,50.0,75.0,46.0,44.0,23.0,43.0,60.0,32.0,43.0,33.0,42.0,32.0,109.0,35.0,53.0,63.0,38.0,46.0,58.0,52.0,47.0,57.0,65.0,26.0,51.0,35.0,29.0,31.0,30.0,41.0,43.0,67.0,41.0,77.0,50.0,37.0,61.0,67.0,63.0,69.0,52.0,25.0,52.0,31.0,38.0,44.0,35.0,36.0,32.0,34.0,31.0,49.0,37.0,38.0,40.0,29.0,24.0,22.0,15.0,25.0,36.0,30.0,31.0,40.0,20.0,35.0,31.0,30.0,28.0,34.0,30.0,27.0,40.0,30.0,23.0,23.0,298.0,266.0,336.0,352.0,779.0,1185.0,839.0,1280.0,898.0,1342.0,947.0,371.0,371.0,962.0,1390.0,967.0,392.0,698.0,1023.0,426.0,392.0,1504.0,403.0,457.0,inf,1409.0,1457.0,1495.0,1678.0,1525.0,1597.0,1600.0,1627.0,inf,inf,inf,inf,inf,inf,inf,inf,inf,inf,inf,inf,inf,inf,inf,inf,inf,inf,inf,inf,inf,inf,inf,inf,inf,inf,inf,inf,inf,inf,inf,inf,inf,inf,inf,inf,inf,inf,inf,inf,inf,inf,inf,inf,inf,inf,inf,inf,inf,inf,inf,inf,inf,inf,inf,inf,inf,inf,inf,inf,inf,inf,inf,inf,inf,inf,inf,inf,inf,inf,inf,inf,inf,inf,inf,inf,inf,inf,inf,inf,inf,inf,inf,inf,inf,inf,inf,inf,inf,inf,inf,inf,inf,inf,inf,inf,inf,inf,inf,inf,inf,inf,inf,inf,inf,inf,inf,inf,inf,inf,inf,inf,inf,inf,inf,inf,inf,inf,inf,inf,inf,inf,inf,inf,inf,inf,inf,inf,inf,inf,inf,inf,inf,inf,inf,inf,inf,inf,inf,inf,inf,inf,inf,inf,inf,inf,inf,inf,inf,inf,inf,inf,inf,inf,inf,inf,inf,inf,inf,inf,inf,inf,inf,inf,inf,inf,inf,inf,inf,inf,inf,inf,inf,inf,inf,inf,inf,inf,inf,inf,inf,inf,inf,inf,inf,inf,inf,inf,inf,inf,inf,inf,inf,inf,inf,inf,inf,inf,inf,inf,inf,inf,inf,inf,inf,inf,inf,inf,inf,inf,inf,inf,inf,inf,inf,inf,inf,inf,inf,inf,inf,inf,inf,inf,inf,inf,inf,inf,inf,inf,inf,inf,inf,inf,inf,inf,inf,inf,inf,inf,inf,inf,inf,inf,inf,inf,inf,inf,inf,inf,inf,inf,inf,inf,inf,inf,inf,inf,inf,inf,inf,inf,inf,inf,inf,inf,inf,inf,inf,inf,inf
26,2025-12-01,7,5.0,9.0,81.0,7.0,31.0,79.0,1.0,18.0,3.0,41.0,3.0,69.0,67.0,94.0,48.0,12.0,50.0,14.0,49.0,30.0,57.0,6.0,4.0,8.0,30.0,40.0,12.0,14.0,9.0,81.0,97.0,23.0,8.0,54.0,3.0,110.0,23.0,32.0,16.0,13.0,165.0,9.0,16.0,24.0,4.0,6.0,16.0,16.0,5.0,149.0,7.0,10.0,8.0,81.0,97.0,47.0,26.0,30.0,6.0,30.0,10.0,5.0,59.0,50.0,16.0,52.0,5.0,3.0,34.0,26.0,22.0,10.0,16.0,168.0,18.0,35.0,31.0,57.0,8.0,112.0,7.0,70.0,5.0,56.0,67.0,4.0,23.0,162.0,7.0,40.0,61.0,9.0,5.0,11.0,51.0,78.0,29.0,65.0,76.0,35.0,34.0,35.0,22.0,35.0,45.0,31.0,66.0,45.0,39.0,41.0,37.0,26.0,28.0,44.0,45.0,46.0,42.0,24.0,42.0,51.0,42.0,33.0,46.0,30.0,50.0,75.0,46.0,44.0,23.0,43.0,60.0,32.0,43.0,33.0,42.0,32.0,109.0,35.0,53.0,63.0,38.0,46.0,58.0,52.0,47.0,57.0,65.0,26.0,51.0,35.0,29.0,31.0,30.0,41.0,43.0,67.0,41.0,77.0,50.0,37.0,61.0,67.0,63.0,69.0,52.0,25.0,52.0,31.0,38.0,44.0,35.0,36.0,32.0,34.0,31.0,49.0,37.0,38.0,40.0,29.0,24.0,22.0,15.0,25.0,36.0,30.0,31.0,40.0,20.0,35.0,31.0,30.0,28.0,34.0,30.0,27.0,40.0,30.0,23.0,23.0,298.0,259.0,336.0,352.0,779.0,1185.0,839.0,1280.0,898.0,1342.0,947.0,371.0,371.0,962.0,1390.0,967.0,392.0,698.0,1023.0,426.0,392.0,1504.0,403.0,457.0,inf,1409.0,1457.0,1495.0,1678.0,1525.0,1597.0,1600.0,1627.0,inf,inf,inf,inf,inf,inf,inf,inf,inf,inf,inf,inf,inf,inf,inf,inf,inf,inf,inf,inf,inf,inf,inf,inf,inf,inf,inf,inf,inf,inf,inf,inf,inf,inf,inf,inf,inf,inf,inf,inf,inf,inf,inf,inf,inf,inf,inf,inf,inf,inf,inf,inf,inf,inf,inf,inf,inf,inf,inf,inf,inf,inf,inf,inf,inf,inf,inf,inf,inf,inf,inf,inf,inf,inf,inf,inf,inf,inf,inf,inf,inf,inf,inf,inf,inf,inf,inf,inf,inf,inf,inf,inf,inf,inf,inf,inf,inf,inf,inf,inf,inf,inf,inf,inf,inf,inf,inf,inf,inf,inf,inf,inf,inf,inf,inf,inf,inf,inf,inf,inf,inf,inf,inf,inf,inf,inf,inf,inf,inf,inf,inf,inf,inf,inf,inf,inf,inf,inf,inf,inf,inf,inf,inf,inf,inf,inf,inf,inf,inf,inf,inf,inf,inf,inf,inf,inf,inf,inf,inf,inf,inf,inf,inf,inf,inf,inf,inf,inf,inf,inf,inf,inf,inf,inf,inf,inf,inf,inf,inf,inf,inf,inf,inf,inf,inf,inf,inf,inf,inf,inf,inf,inf,inf,inf,inf,inf,inf,inf,inf,inf,inf,inf,inf,inf,inf,inf,inf,inf,inf,inf,inf,inf,inf,inf,inf,inf,inf,inf,inf,inf,inf,inf,inf,inf,inf,inf,inf,inf,inf,inf,inf,inf,inf,inf,inf,inf,inf,inf,inf,inf,inf,inf,inf,inf,inf,inf,inf,inf,inf,inf,inf,inf,inf,inf,inf,inf,inf,inf,inf,inf,inf,inf,inf,inf,inf,inf,inf,inf,inf,inf,inf
27,2025-12-02,7,5.0,9.0,81.0,7.0,31.0,79.0,1.0,18.0,3.0,41.0,3.0,69.0,67.0,94.0,48.0,12.0,50.0,14.0,49.0,30.0,57.0,6.0,4.0,8.0,30.0,40.0,12.0,14.0,9.0,81.0,97.0,23.0,8.0,54.0,3.0,110.0,23.0,31.0,16.0,13.0,165.0,9.0,16.0,24.0,4.0,6.0,16.0,16.0,5.0,149.0,7.0,9.0,8.0,81.0,97.0,47.0,26.0,30.0,6.0,30.0,10.0,5.0,59.0,50.0,16.0,52.0,5.0,3.0,34.0,26.0,22.0,10.0,16.0,168.0,18.0,35.0,31.0,57.0,8.0,112.0,7.0,70.0,5.0,56.0,67.0,4.0,20.0,162.0,7.0,40.0,61.0,9.0,5.0,11.0,51.0,78.0,29.0,65.0,76.0,35.0,34.0,35.0,22.0,35.0,45.0,31.0,66.0,45.0,39.0,41.0,37.0,26.0,28.0,44.0,45.0,46.0,42.0,24.0,42.0,51.0,42.0,33.0,46.0,30.0,50.0,75.0,46.0,44.0,23.0,43.0,60.0,32.0,43.0,33.0,42.0,32.0,109.0,35.0,53.0,63.0,38.0,46.0,58.0,52.0,47.0,57.0,65.0,26.0,51.0,35.0,29.0,31.0,30.0,41.0,43.0,67.0,41.0,77.0,50.0,37.0,61.0,67.0,63.0,69.0,52.0,25.0,52.0,31.0,38.0,44.0,35.0,36.0,32.0,34.0,31.0,49.0,37.0,38.0,40.0,29.0,24.0,22.0,15.0,25.0,36.0,30.0,31.0,40.0,20.0,35.0,31.0,30.0,28.0,34.0,30.0,27.0,40.0,30.0,23.0,23.0,298.0,259.0,336.0,352.0,779.0,1185.0,839.0,1280.0,898.0,1342.0,947.0,371.0,371.0,962.0,1390.0,967.0,392.0,698.0,1023.0,426.0,392.0,1504.0,403.0,457.0,1163.0,1409.0,1457.0,1495.0,1678.0,1525.0,1597.0,1600.0,1627.0,4908.0,1225.0,1808.0,1102.0,1227.0,inf,inf,inf,inf,inf,inf,inf,inf,inf,inf,inf,inf,inf,inf,inf,inf,inf,inf,inf,inf,inf,inf,inf,inf,inf,inf,inf,inf,inf,inf,inf,inf,inf,inf,inf,inf,inf,inf,inf,inf,inf,inf,inf,inf,inf,inf,inf,inf,inf,inf,inf,inf,inf,inf,inf,inf,inf,inf,inf,inf,inf,inf,inf,inf,inf,inf,inf,inf,inf,inf,inf,inf,inf,inf,inf,inf,inf,inf,inf,inf,inf,inf,inf,inf,inf,inf,inf,inf,inf,inf,inf,inf,inf,inf,inf,inf,inf,inf,inf,inf,inf,inf,inf,inf,inf,inf,inf,inf,inf,inf,inf,inf,inf,inf,inf,inf,inf,inf,inf,inf,inf,inf,inf,inf,inf,inf,inf,inf,inf,inf,inf,inf,inf,inf,inf,inf,inf,inf,inf,inf,inf,inf,inf,inf,inf,inf,inf,inf,inf,inf,inf,inf,inf,inf,inf,inf,inf,inf,inf,inf,inf,inf,inf,inf,inf,inf,inf,inf,inf,inf,inf,inf,inf,inf,inf,inf,inf,inf,inf,inf,inf,inf,inf,inf,inf,inf,inf,inf,inf,inf,inf,inf,inf,inf,inf,inf,inf,inf,inf,inf,inf,inf,inf,inf,inf,inf,inf,inf,inf,inf,inf,inf,inf,inf,inf,inf,inf,inf,inf,inf,inf,inf,inf,inf,inf,inf,inf,inf,inf,inf,inf,inf,inf,inf,inf,inf,inf,inf,inf,inf,inf,inf,inf,inf,inf,inf,inf,inf,inf,inf,inf,inf,inf,inf,inf,inf,inf,inf,inf,inf,inf,inf,inf,inf,inf,inf
28,2025-12-03,7,5.0,9.0,81.0,7.0,31.0,79.0,1.0,18.0,3.0,41.0,3.0,69.0,67.0,94.0,48.0,12.0,50.0,14.0,49.0,30.0,57.0,6.0,4.0,8.0,30.0,40.0,12.0,14.0,9.0,81.0,97.0,23.0,8.0,54.0,3.0,110.0,23.0,31.0,16.0,13.0,165.0,9.0,16.0,24.0,4.0,6.0,16.0,16.0,5.0,149.0,7.0,9.0,8.0,81.0,97.0,47.0,26.0,30.0,6.0,30.0,10.0,5.0,59.0,50.0,16.0,52.0,5.0,3.0,32.0,26.0,22.0,10.0,16.0,168.0,18.0,35.0,31.0,57.0,8.0,112.0,7.0,70.0,5.0,56.0,67.0,4.0,20.0,162.0,7.0,40.0,61.0,9.0,5.0,11.0,51.0,78.0,27.0,65.0,76.0,35.0,34.0,35.0,22.0,35.0,45.0,31.0,66.0,45.0,39.0,41.0,37.0,26.0,28.0,44.0,45.0,46.0,42.0,24.0,42.0,51.0,42.0,33.0,46.0,29.0,50.0,75.0,46.0,44.0,23.0,43.0,60.0,32.0,42.0,33.0,42.0,32.0,109.0,35.0,53.0,63.0,38.0,43.0,58.0,52.0,47.0,57.0,65.0,26.0,51.0,35.0,29.0,31.0,30.0,40.0,43.0,67.0,41.0,77.0,50.0,37.0,61.0,67.0,63.0,69.0,52.0,25.0,52.0,31.0,38.0,44.0,35.0,36.0,32.0,34.0,31.0,49.0,37.0,38.0,40.0,29.0,24.0,22.0,14.0,25.0,36.0,30.0,31.0,40.0,20.0,35.0,31.0,30.0,28.0,34.0,30.0,27.0,40.0,30.0,23.0,23.0,298.0,259.0,325.0,352.0,779.0,1185.0,839.0,1279.0,898.0,1342.0,939.0,371.0,371.0,948.0,1390.0,960.0,392.0,695.0,1023.0,426.0,392.0,1499.0,401.0,457.0,1115.0,1409.0,1457.0,1495.0,1678.0,1525.0,1597.0,1600.0,1627.0,4696.0,1164.0,1747.0,1081.0,1145.0,2378.0,399.0,1001.0,1019.0,1038.0,1569.0,420.0,1069.0,428.0,430.0,448.0,inf,inf,inf,inf,inf,inf,inf,inf,inf,inf,inf,inf,inf,inf,inf,inf,inf,inf,inf,inf,inf,inf,inf,inf,inf,inf,inf,inf,inf,inf,inf,inf,inf,inf,inf,inf,inf,inf,inf,inf,inf,inf,inf,inf,inf,inf,inf,inf,inf,inf,inf,inf,inf,inf,inf,inf,inf,inf,inf,inf,inf,inf,inf,inf,inf,inf,inf,inf,inf,inf,inf,inf,inf,inf,inf,inf,inf,inf,inf,inf,inf,inf,inf,inf,inf,inf,inf,inf,inf,inf,inf,inf,inf,inf,inf,inf,inf,inf,inf,inf,inf,inf,inf,inf,inf,inf,inf,inf,inf,inf,inf,inf,inf,inf,inf,inf,inf,inf,inf,inf,inf,inf,inf,inf,inf,inf,inf,inf,inf,inf,inf,inf,inf,inf,inf,inf,inf,inf,inf,inf,inf,inf,inf,inf,inf,inf,inf,inf,inf,inf,inf,inf,inf,inf,inf,inf,inf,inf,inf,inf,inf,inf,inf,inf,inf,inf,inf,inf,inf,inf,inf,inf,inf,inf,inf,inf,inf,inf,inf,inf,inf,inf,inf,inf,inf,inf,inf,inf,inf,inf,inf,inf,inf,inf,inf,inf,inf,inf,inf,inf,inf,inf,inf,inf,inf,inf,inf,inf,inf,inf,inf,inf,inf,inf,inf,inf,inf,inf,inf,inf,inf,inf,inf,inf,inf,inf,inf,inf,inf,inf,inf,inf,inf,inf,inf,inf,inf,inf,inf,inf,inf,inf,inf,inf,inf,inf,inf,inf,inf,inf,inf,inf,inf,inf,inf
29,2025-12-19,7,5.0,9.0,81.0,6.0,31.0,79.0,1.0,18.0,3.0,41.0,3.0,69.0,67.0,94.0,48.0,12.0,50.0,14.0,49.0,30.0,57.0,6.0,4.0,8.0,30.0,40.0,12.0,14.0,9.0,81.0,97.0,23.0,8.0,54.0,3.0,110.0,23.0,31.0,16.0,13.0,165.0,9.0,16.0,24.0,4.0,6.0,16.0,16.0,5.0,149.0,7.0,9.0,8.0,81.0,97.0,47.0,26.0,30.0,6.0,30.0,10.0,5.0,59.0,50.0,16.0,52.0,5.0,3.0,32.0,26.0,22.0,10.0,16.0,168.0,18.0,35.0,31.0,57.0,8.0,112.0,7.0,70.0,5.0,56.0,67.0,4.0,20.0,162.0,7.0,40.0,61.0,9.0,5.0,11.0,51.0,78.0,27.0,65.0,76.0,35.0,34.0,35.0,22.0,35.0,45.0,31.0,66.0,45.0,39.0,41.0,37.0,26.0,28.0,44.0,45.0,46.0,42.0,24.0,42.0,51.0,42.0,33.0,46.0,29.0,50.0,75.0,46.0,44.0,23.0,43.0,60.0,32.0,42.0,33.0,42.0,32.0,109.0,35.0,53.0,63.0,38.0,43.0,58.0,52.0,47.0,57.0,65.0,26.0,51.0,35.0,29.0,31.0,30.0,40.0,43.0,67.0,41.0,77.0,50.0,37.0,61.0,67.0,63.0,69.0,52.0,25.0,52.0,31.0,38.0,44.0,35.0,36.0,32.0,34.0,31.0,49.0,37.0,38.0,40.0,29.0,24.0,22.0,14.0,25.0,36.0,30.0,31.0,40.0,20.0,35.0,31.0,30.0,28.0,34.0,30.0,27.0,40.0,30.0,23.0,23.0,298.0,259.0,325.0,352.0,779.0,1185.0,839.0,1279.0,898.0,1342.0,939.0,371.0,371.0,948.0,1390.0,960.0,392.0,695.0,1023.0,426.0,392.0,1499.0,401.0,457.0,1115.0,1409.0,1457.0,1495.0,1678.0,1525.0,1597.0,1600.0,1627.0,4696.0,1164.0,1747.0,1081.0,1145.0,2378.0,399.0,1001.0,1019.0,1038.0,1569.0,420.0,1069.0,428.0,430.0,448.0,7.0,7.0,25.0,18.0,16.0,8.0,5.0,12.0,98.0,6.0,40.0,90.0,1.0,20.0,3.0,46.0,3.0,71.0,88.0,112.0,59.0,15.0,69.0,16.0,54.0,37.0,60.0,6.0,4.0,9.0,34.0,47.0,11.0,12.0,11.0,98.0,115.0,25.0,7.0,63.0,3.0,124.0,29.0,31.0,18.0,15.0,188.0,8.0,17.0,31.0,4.0,6.0,17.0,20.0,5.0,152.0,9.0,12.0,7.0,99.0,119.0,54.0,29.0,35.0,7.0,40.0,10.0,6.0,64.0,54.0,16.0,65.0,5.0,3.0,37.0,36.0,26.0,10.0,21.0,180.0,16.0,42.0,37.0,61.0,10.0,130.0,8.0,66.0,5.0,66.0,81.0,4.0,23.0,160.0,8.0,49.0,74.0,9.0,5.0,12.0,57.0,87.0,30.0,71.0,91.0,252.0,672.0,1052.0,373.0,916.0,1349.0,1991.0,379.0,3786.0,964.0,1418.0,298.0,740.0,1134.0,298.0,779.0,1131.0,323.0,778.0,1231.0,327.0,774.0,1213.0,329.0,800.0,1217.0,340.0,858.0,1347.0,339.0,876.0,1340.0,239.0,607.0,930.0,355.0,907.0,1295.0,347.0,945.0,1258.0,370.0,1325.0,367.0,885.0,1342.0,370.0,1019.0,1356.0,42.0,36.0,40.0,28.0,41.0,52.0,35.0,75.0,46.0,42.0,44.0,41.0,28.0,30.0,43.0,46.0,49.0,41.0,25.0,50.0,51.0,46.0,40.0,42.0,33.0,53.0,88.0,43.0,49.0,30.0,43.0,70.0,34.0,46.0,33.0,44.0,34.0,118.0,33.0,55.0,79.0,39.0,41.0,62.0,56.0,54.0,57.0,62.0,32.0,57.0,35.0,31.0,36.0,28.0,38.0,51.0,68.0,48.0,111.0,55.0,41.0,58.0,86.0,65.0,76.0,51.0,28.0,57.0,38.0,43.0,48.0,36.0,38.0,35.0,37.0,43.0,59.0,39.0,43.0,38.0,31.0,24.0,24.0,18.0,29.0,48.0,36.0,34.0,46.0,25.0,42.0,39.0,32.0,32.0,37.0,34.0,27.0,51.0,32.0,24.0,25.0
